lp1x0_dw08_cw00_fixiir.vhd;209;0;9.765ns;5E-16;0
lp1x0_dw08_cw04_shiftandadd.vhd;61;0;7.367ns;0;5
lp1x0_dw08_cw04_truncatedplain.vhd;109;0;8.698ns;0.02629671411118;0
lp1x0_dw08_cw04_truncatedplain0dsp.vhd;109;0;8.698ns;0.02629671411118;0
lp1x0_dw08_cw04_truncatedshiftandadd.vhd;91;0;8.119ns;0.02629671411118;7
lp1x0_dw08_cw05_shiftandadd.vhd;64;0;7.125ns;0;5
lp1x0_dw08_cw05_truncatedplain.vhd;115;0;9.054ns;0.036363636363636;0
lp1x0_dw08_cw05_truncatedplain0dsp.vhd;115;0;9.054ns;0.036363636363636;0
lp1x0_dw08_cw05_truncatedshiftandadd.vhd;108;0;9.028ns;0.036363636363636;8
lp1x0_dw08_cw06_shiftandadd.vhd;64;0;7.125ns;0;5
lp1x0_dw08_cw06_truncatedplain.vhd;125;1;9.420ns;0.007494518186514;0
lp1x0_dw08_cw06_truncatedplain0dsp.vhd;138;0;9.469ns;0.007494518186514;0
lp1x0_dw08_cw06_truncatedshiftandadd.vhd;123;0;9.459ns;0.007494518186514;9
lp1x0_dw08_cw07_shiftandadd.vhd;64;0;7.125ns;0;5
lp1x0_dw08_cw07_truncatedplain.vhd;104;2;9.534ns;0.007494518186514;0
lp1x0_dw08_cw07_truncatedplain0dsp.vhd;151;0;9.043ns;0.007494518186514;0
lp1x0_dw08_cw07_truncatedshiftandadd.vhd;124;0;9.063ns;0.007494518186514;9
lp1x0_dw08_cw08_shiftandadd.vhd;63;0;7.657ns;0;5
lp1x0_dw08_cw08_truncatedplain.vhd;130;2;9.559ns;0.001744186046512;0
lp1x0_dw08_cw08_truncatedplain0dsp.vhd;219;0;9.180ns;0.001744186046512;0
lp1x0_dw08_cw08_truncatedshiftandadd.vhd;174;0;10.181ns;0.001744186046512;11
lp1x0_dw08_cw09_shiftandadd.vhd;64;0;7.125ns;0;5
lp1x0_dw08_cw09_truncatedplain.vhd;133;2;9.818ns;0.001744186046512;0
lp1x0_dw08_cw09_truncatedplain0dsp.vhd;250;0;9.710ns;0.001744186046512;0
lp1x0_dw08_cw09_truncatedshiftandadd.vhd;170;0;10.796ns;0.001744186046512;11
lp1x0_dw08_cw10_shiftandadd.vhd;64;0;7.125ns;0;5
lp1x0_dw08_cw10_truncatedplain.vhd;148;2;11.374ns;0;0
lp1x0_dw08_cw10_truncatedplain0dsp.vhd;262;0;10.993ns;0;0
lp1x0_dw08_cw10_truncatedshiftandadd.vhd;187;0;10.171ns;0;12
lp1x0_dw12_cw00_fixiir.vhd;348;0;10.905ns;5E-16;0
lp1x0_dw12_cw04_shiftandadd.vhd;76;0;7.665ns;0;5
lp1x0_dw12_cw04_truncatedplain.vhd;136;0;8.985ns;0.02629671411118;0
lp1x0_dw12_cw04_truncatedplain0dsp.vhd;136;0;8.985ns;0.02629671411118;0
lp1x0_dw12_cw04_truncatedshiftandadd.vhd;114;0;8.410ns;0.02629671411118;7
lp1x0_dw12_cw05_shiftandadd.vhd;79;0;7.492ns;0;5
lp1x0_dw12_cw05_truncatedplain.vhd;149;0;8.886ns;0.036363636363636;0
lp1x0_dw12_cw05_truncatedplain0dsp.vhd;149;0;8.886ns;0.036363636363636;0
lp1x0_dw12_cw05_truncatedshiftandadd.vhd;135;0;9.498ns;0.036363636363636;8
lp1x0_dw12_cw06_shiftandadd.vhd;79;0;7.492ns;0;5
lp1x0_dw12_cw06_truncatedplain.vhd;110;3;11.057ns;0.007494518186514;0
lp1x0_dw12_cw06_truncatedplain0dsp.vhd;183;0;9.902ns;0.007494518186514;0
lp1x0_dw12_cw06_truncatedshiftandadd.vhd;154;0;9.927ns;0.007494518186514;9
lp1x0_dw12_cw07_shiftandadd.vhd;79;0;7.492ns;0;5
lp1x0_dw12_cw07_truncatedplain.vhd;81;4;11.540ns;0.007494518186514;0
lp1x0_dw12_cw07_truncatedplain0dsp.vhd;198;0;9.592ns;0.007494518186514;0
lp1x0_dw12_cw07_truncatedshiftandadd.vhd;155;0;9.461ns;0.007494518186514;9
lp1x0_dw12_cw08_shiftandadd.vhd;78;0;7.497ns;0;5
lp1x0_dw12_cw08_truncatedplain.vhd;85;4;11.433ns;0.001744186046512;0
lp1x0_dw12_cw08_truncatedplain0dsp.vhd;259;0;10.198ns;0.001744186046512;0
lp1x0_dw12_cw08_truncatedshiftandadd.vhd;217;0;10.557ns;0.001744186046512;11
lp1x0_dw12_cw09_shiftandadd.vhd;79;0;7.492ns;0;5
lp1x0_dw12_cw09_truncatedplain.vhd;89;4;11.237ns;0.001744186046512;0
lp1x0_dw12_cw09_truncatedplain0dsp.vhd;331;0;10.493ns;0.001744186046512;0
lp1x0_dw12_cw09_truncatedshiftandadd.vhd;213;0;10.400ns;0.001744186046512;11
lp1x0_dw12_cw10_shiftandadd.vhd;79;0;7.492ns;0;5
lp1x0_dw12_cw10_truncatedplain.vhd;93;4;11.608ns;0;0
lp1x0_dw12_cw10_truncatedplain0dsp.vhd;332;0;11.857ns;0;0
lp1x0_dw12_cw10_truncatedshiftandadd.vhd;230;0;10.217ns;0;12
lp1x0_dw16_cw00_fixiir.vhd;487;0;11.187ns;5E-16;0
lp1x0_dw16_cw04_shiftandadd.vhd;96;0;7.446ns;0;5
lp1x0_dw16_cw04_truncatedplain.vhd;168;0;9.247ns;0.02629671411118;0
lp1x0_dw16_cw04_truncatedplain0dsp.vhd;168;0;9.247ns;0.02629671411118;0
lp1x0_dw16_cw04_truncatedshiftandadd.vhd;142;0;8.465ns;0.02629671411118;7
lp1x0_dw16_cw05_shiftandadd.vhd;99;0;7.576ns;0;5
lp1x0_dw16_cw05_truncatedplain.vhd;185;0;9.880ns;0.036363636363636;0
lp1x0_dw16_cw05_truncatedplain0dsp.vhd;185;0;9.880ns;0.036363636363636;0
lp1x0_dw16_cw05_truncatedshiftandadd.vhd;167;0;9.525ns;0.036363636363636;8
lp1x0_dw16_cw06_shiftandadd.vhd;99;0;7.576ns;0;5
lp1x0_dw16_cw06_truncatedplain.vhd;134;3;11.456ns;0.007494518186514;0
lp1x0_dw16_cw06_truncatedplain0dsp.vhd;227;0;10.126ns;0.007494518186514;0
lp1x0_dw16_cw06_truncatedshiftandadd.vhd;190;0;10.356ns;0.007494518186514;9
lp1x0_dw16_cw07_shiftandadd.vhd;99;0;7.576ns;0;5
lp1x0_dw16_cw07_truncatedplain.vhd;97;4;11.391ns;0.007494518186514;0
lp1x0_dw16_cw07_truncatedplain0dsp.vhd;246;0;10.089ns;0.007494518186514;0
lp1x0_dw16_cw07_truncatedshiftandadd.vhd;191;0;9.619ns;0.007494518186514;9
lp1x0_dw16_cw08_shiftandadd.vhd;98;0;7.452ns;0;5
lp1x0_dw16_cw08_truncatedplain.vhd;101;4;11.675ns;0.001744186046512;0
lp1x0_dw16_cw08_truncatedplain0dsp.vhd;315;0;10.580ns;0.001744186046512;0
lp1x0_dw16_cw08_truncatedshiftandadd.vhd;265;0;11.095ns;0.001744186046512;11
lp1x0_dw16_cw09_shiftandadd.vhd;99;0;7.576ns;0;5
lp1x0_dw16_cw09_truncatedplain.vhd;105;4;11.425ns;0.001744186046512;0
lp1x0_dw16_cw09_truncatedplain0dsp.vhd;412;0;11.850ns;0.001744186046512;0
lp1x0_dw16_cw09_truncatedshiftandadd.vhd;261;0;11.417ns;0.001744186046512;11
lp1x0_dw16_cw10_shiftandadd.vhd;99;0;7.576ns;0;5
lp1x0_dw16_cw10_truncatedplain.vhd;109;4;11.853ns;0;0
lp1x0_dw16_cw10_truncatedplain0dsp.vhd;412;0;11.922ns;0;0
lp1x0_dw16_cw10_truncatedshiftandadd.vhd;278;0;10.436ns;0;12
lp1x1_dw08_cw00_fixiir.vhd;194;0;9.662ns;1.35E-15;0
lp1x1_dw08_cw04_shiftandadd.vhd;63;0;7.657ns;0;5
lp1x1_dw08_cw04_truncatedplain.vhd;97;0;8.833ns;0.020480376292291;0
lp1x1_dw08_cw04_truncatedplain0dsp.vhd;97;0;8.833ns;0.020480376292291;0
lp1x1_dw08_cw04_truncatedshiftandadd.vhd;83;0;8.341ns;0.020480376292291;6
lp1x1_dw08_cw05_shiftandadd.vhd;64;0;7.125ns;0;5
lp1x1_dw08_cw05_truncatedplain.vhd;141;0;9.216ns;0.029802046618332;0
lp1x1_dw08_cw05_truncatedplain0dsp.vhd;141;0;9.216ns;0.029802046618332;0
lp1x1_dw08_cw05_truncatedshiftandadd.vhd;109;0;9.149ns;0.029802046618332;8
lp1x1_dw08_cw06_shiftandadd.vhd;63;0;7.657ns;0;5
lp1x1_dw08_cw06_truncatedplain.vhd;124;1;9.300ns;0.000909090909091;0
lp1x1_dw08_cw06_truncatedplain0dsp.vhd;161;0;9.493ns;0.000909090909091;0
lp1x1_dw08_cw06_truncatedshiftandadd.vhd;135;0;9.234ns;0.000909090909091;9
lp1x1_dw08_cw07_shiftandadd.vhd;63;0;7.657ns;0;5
lp1x1_dw08_cw07_truncatedplain.vhd;115;2;9.715ns;0.007669851667723;0
lp1x1_dw08_cw07_truncatedplain0dsp.vhd;190;0;9.036ns;0.007669851667723;0
lp1x1_dw08_cw07_truncatedshiftandadd.vhd;144;0;9.034ns;0.007669851667723;10
lp1x1_dw08_cw08_shiftandadd.vhd;64;0;7.125ns;0;5
lp1x1_dw08_cw08_truncatedplain.vhd;127;2;9.744ns;0.00375;0
lp1x1_dw08_cw08_truncatedplain0dsp.vhd;212;0;9.883ns;0.00375;0
lp1x1_dw08_cw08_truncatedshiftandadd.vhd;167;0;9.515ns;0.00375;11
lp1x1_dw08_cw09_shiftandadd.vhd;64;0;7.125ns;0;5
lp1x1_dw08_cw09_truncatedplain.vhd;142;2;9.349ns;0.001973091746776;0
lp1x1_dw08_cw09_truncatedplain0dsp.vhd;270;0;10.072ns;0.001973091746776;0
lp1x1_dw08_cw09_truncatedshiftandadd.vhd;170;0;9.065ns;0.001973091746776;11
lp1x1_dw08_cw10_shiftandadd.vhd;63;0;7.657ns;0;5
lp1x1_dw08_cw10_truncatedplain.vhd;136;2;9.857ns;0.001880341880342;0
lp1x1_dw08_cw10_truncatedplain0dsp.vhd;251;0;9.469ns;0.001880341880342;0
lp1x1_dw08_cw10_truncatedshiftandadd.vhd;182;0;9.326ns;0.001880341880342;12
lp1x1_dw12_cw00_fixiir.vhd;331;0;10.653ns;1.35E-15;0
lp1x1_dw12_cw04_shiftandadd.vhd;78;0;7.497ns;0;5
lp1x1_dw12_cw04_truncatedplain.vhd;120;0;9.405ns;0.020480376292291;0
lp1x1_dw12_cw04_truncatedplain0dsp.vhd;120;0;9.405ns;0.020480376292291;0
lp1x1_dw12_cw04_truncatedshiftandadd.vhd;102;0;8.454ns;0.020480376292291;6
lp1x1_dw12_cw05_shiftandadd.vhd;79;0;7.492ns;0;5
lp1x1_dw12_cw05_truncatedplain.vhd;180;0;9.465ns;0.029802046618332;0
lp1x1_dw12_cw05_truncatedplain0dsp.vhd;180;0;9.465ns;0.029802046618332;0
lp1x1_dw12_cw05_truncatedshiftandadd.vhd;136;0;9.773ns;0.029802046618332;8
lp1x1_dw12_cw06_shiftandadd.vhd;78;0;7.497ns;0;5
lp1x1_dw12_cw06_truncatedplain.vhd;110;3;11.057ns;0.000909090909091;0
lp1x1_dw12_cw06_truncatedplain0dsp.vhd;215;0;9.633ns;0.000909090909091;0
lp1x1_dw12_cw06_truncatedshiftandadd.vhd;170;0;9.361ns;0.000909090909091;9
lp1x1_dw12_cw07_shiftandadd.vhd;78;0;7.497ns;0;5
lp1x1_dw12_cw07_truncatedplain.vhd;81;4;11.540ns;0.007669851667723;0
lp1x1_dw12_cw07_truncatedplain0dsp.vhd;247;0;9.239ns;0.007669851667723;0
lp1x1_dw12_cw07_truncatedshiftandadd.vhd;179;0;9.323ns;0.007669851667723;10
lp1x1_dw12_cw08_shiftandadd.vhd;79;0;7.492ns;0;5
lp1x1_dw12_cw08_truncatedplain.vhd;85;4;11.433ns;0.00375;0
lp1x1_dw12_cw08_truncatedplain0dsp.vhd;261;0;9.945ns;0.00375;0
lp1x1_dw12_cw08_truncatedshiftandadd.vhd;206;0;9.476ns;0.00375;11
lp1x1_dw12_cw09_shiftandadd.vhd;79;0;7.492ns;0;5
lp1x1_dw12_cw09_truncatedplain.vhd;89;4;11.237ns;0.001973091746776;0
lp1x1_dw12_cw09_truncatedplain0dsp.vhd;357;0;9.811ns;0.001973091746776;0
lp1x1_dw12_cw09_truncatedshiftandadd.vhd;209;0;9.913ns;0.001973091746776;11
lp1x1_dw12_cw10_shiftandadd.vhd;78;0;7.497ns;0;5
lp1x1_dw12_cw10_truncatedplain.vhd;93;4;11.608ns;0.001880341880342;0
lp1x1_dw12_cw10_truncatedplain0dsp.vhd;324;0;9.414ns;0.001880341880342;0
lp1x1_dw12_cw10_truncatedshiftandadd.vhd;226;0;9.138ns;0.001880341880342;12
lp1x1_dw16_cw00_fixiir.vhd;471;0;10.479ns;1.35E-15;0
lp1x1_dw16_cw04_shiftandadd.vhd;98;0;7.452ns;0;5
lp1x1_dw16_cw04_truncatedplain.vhd;148;0;8.923ns;0.020480376292291;0
lp1x1_dw16_cw04_truncatedplain0dsp.vhd;148;0;8.923ns;0.020480376292291;0
lp1x1_dw16_cw04_truncatedshiftandadd.vhd;126;0;8.503ns;0.020480376292291;6
lp1x1_dw16_cw05_shiftandadd.vhd;99;0;7.576ns;0;5
lp1x1_dw16_cw05_truncatedplain.vhd;224;0;9.825ns;0.029802046618332;0
lp1x1_dw16_cw05_truncatedplain0dsp.vhd;224;0;9.825ns;0.029802046618332;0
lp1x1_dw16_cw05_truncatedshiftandadd.vhd;168;0;9.596ns;0.029802046618332;8
lp1x1_dw16_cw06_shiftandadd.vhd;98;0;7.452ns;0;5
lp1x1_dw16_cw06_truncatedplain.vhd;134;3;11.456ns;0.000909090909091;0
lp1x1_dw16_cw06_truncatedplain0dsp.vhd;267;0;10.343ns;0.000909090909091;0
lp1x1_dw16_cw06_truncatedshiftandadd.vhd;210;0;9.939ns;0.000909090909091;9
lp1x1_dw16_cw07_shiftandadd.vhd;98;0;7.452ns;0;5
lp1x1_dw16_cw07_truncatedplain.vhd;97;4;11.391ns;0.007669851667723;0
lp1x1_dw16_cw07_truncatedplain0dsp.vhd;307;0;9.795ns;0.007669851667723;0
lp1x1_dw16_cw07_truncatedshiftandadd.vhd;219;0;9.453ns;0.007669851667723;10
lp1x1_dw16_cw08_shiftandadd.vhd;99;0;7.576ns;0;5
lp1x1_dw16_cw08_truncatedplain.vhd;101;4;11.675ns;0.00375;0
lp1x1_dw16_cw08_truncatedplain0dsp.vhd;322;0;10.009ns;0.00375;0
lp1x1_dw16_cw08_truncatedshiftandadd.vhd;250;0;9.516ns;0.00375;11
lp1x1_dw16_cw09_shiftandadd.vhd;99;0;7.576ns;0;5
lp1x1_dw16_cw09_truncatedplain.vhd;105;4;11.425ns;0.001973091746776;0
lp1x1_dw16_cw09_truncatedplain0dsp.vhd;443;0;9.923ns;0.001973091746776;0
lp1x1_dw16_cw09_truncatedshiftandadd.vhd;253;0;10.128ns;0.001973091746776;11
lp1x1_dw16_cw10_shiftandadd.vhd;98;0;7.452ns;0;5
lp1x1_dw16_cw10_truncatedplain.vhd;109;4;11.853ns;0.001880341880342;0
lp1x1_dw16_cw10_truncatedplain0dsp.vhd;401;0;10.061ns;0.001880341880342;0
lp1x1_dw16_cw10_truncatedshiftandadd.vhd;274;0;9.762ns;0.001880341880342;12
lp1x2_dw08_cw00_fixiir.vhd;208;0;9.736ns;1.87E-15;0
lp1x2_dw08_cw04_shiftandadd.vhd;72;0;7.347ns;0;6
lp1x2_dw08_cw04_truncatedplain.vhd;91;0;9.102ns;0.086666666666667;0
lp1x2_dw08_cw04_truncatedplain0dsp.vhd;91;0;9.102ns;0.086666666666667;0
lp1x2_dw08_cw04_truncatedshiftandadd.vhd;90;0;8.156ns;0.086666666666667;7
lp1x2_dw08_cw05_shiftandadd.vhd;72;0;7.347ns;0;6
lp1x2_dw08_cw05_truncatedplain.vhd;139;0;9.543ns;0.009744535061258;0
lp1x2_dw08_cw05_truncatedplain0dsp.vhd;139;0;9.543ns;0.009744535061258;0
lp1x2_dw08_cw05_truncatedshiftandadd.vhd;111;0;9.560ns;0.009744535061258;8
lp1x2_dw08_cw06_shiftandadd.vhd;72;0;7.347ns;0;6
lp1x2_dw08_cw06_truncatedplain.vhd;126;1;9.432ns;0;0
lp1x2_dw08_cw06_truncatedplain0dsp.vhd;163;0;8.801ns;0;0
lp1x2_dw08_cw06_truncatedshiftandadd.vhd;125;0;9.211ns;0;9
lp1x2_dw08_cw07_shiftandadd.vhd;73;0;7.264ns;0;6
lp1x2_dw08_cw07_truncatedplain.vhd;116;2;9.867ns;0.001519673574323;0
lp1x2_dw08_cw07_truncatedplain0dsp.vhd;166;0;9.159ns;0.001519673574323;0
lp1x2_dw08_cw07_truncatedshiftandadd.vhd;138;0;8.930ns;0.001519673574323;10
lp1x2_dw08_cw08_shiftandadd.vhd;73;0;7.264ns;0;6
lp1x2_dw08_cw08_truncatedplain.vhd;131;2;10.509ns;0.001776918786509;0
lp1x2_dw08_cw08_truncatedplain0dsp.vhd;175;0;10.061ns;0.001776918786509;0
lp1x2_dw08_cw08_truncatedshiftandadd.vhd;148;0;9.370ns;0.001776918786509;10
lp1x2_dw08_cw09_shiftandadd.vhd;73;0;7.264ns;0;6
lp1x2_dw08_cw09_truncatedplain.vhd;174;2;10.266ns;0.003333333333333;0
lp1x2_dw08_cw09_truncatedplain0dsp.vhd;296;0;9.810ns;0.003333333333333;0
lp1x2_dw08_cw09_truncatedshiftandadd.vhd;184;0;9.600ns;0.003333333333333;12
lp1x2_dw08_cw10_shiftandadd.vhd;73;0;7.264ns;0;6
lp1x2_dw08_cw10_truncatedplain.vhd;173;2;11.161ns;0.00125;0
lp1x2_dw08_cw10_truncatedplain0dsp.vhd;293;0;11.086ns;0.00125;0
lp1x2_dw08_cw10_truncatedshiftandadd.vhd;192;0;9.619ns;0.00125;12
lp1x2_dw12_cw00_fixiir.vhd;354;0;10.909ns;1.87E-15;0
lp1x2_dw12_cw04_shiftandadd.vhd;91;0;7.492ns;0;6
lp1x2_dw12_cw04_truncatedplain.vhd;114;0;9.507ns;0.086666666666667;0
lp1x2_dw12_cw04_truncatedplain0dsp.vhd;114;0;9.507ns;0.086666666666667;0
lp1x2_dw12_cw04_truncatedshiftandadd.vhd;113;0;8.327ns;0.086666666666667;7
lp1x2_dw12_cw05_shiftandadd.vhd;91;0;7.492ns;0;6
lp1x2_dw12_cw05_truncatedplain.vhd;178;0;9.345ns;0.009744535061258;0
lp1x2_dw12_cw05_truncatedplain0dsp.vhd;178;0;9.345ns;0.009744535061258;0
lp1x2_dw12_cw05_truncatedshiftandadd.vhd;138;0;9.369ns;0.009744535061258;8
lp1x2_dw12_cw06_shiftandadd.vhd;91;0;7.492ns;0;6
lp1x2_dw12_cw06_truncatedplain.vhd;95;3;11.326ns;0;0
lp1x2_dw12_cw06_truncatedplain0dsp.vhd;212;0;10.153ns;0;0
lp1x2_dw12_cw06_truncatedshiftandadd.vhd;156;0;9.393ns;0;9
lp1x2_dw12_cw07_shiftandadd.vhd;92;0;7.426ns;0;6
lp1x2_dw12_cw07_truncatedplain.vhd;81;4;11.540ns;0.001519673574323;0
lp1x2_dw12_cw07_truncatedplain0dsp.vhd;215;0;9.932ns;0.001519673574323;0
lp1x2_dw12_cw07_truncatedshiftandadd.vhd;173;0;9.380ns;0.001519673574323;10
lp1x2_dw12_cw08_shiftandadd.vhd;92;0;7.426ns;0;6
lp1x2_dw12_cw08_truncatedplain.vhd;85;4;11.433ns;0.001776918786509;0
lp1x2_dw12_cw08_truncatedplain0dsp.vhd;209;0;10.333ns;0.001776918786509;0
lp1x2_dw12_cw08_truncatedshiftandadd.vhd;183;0;9.720ns;0.001776918786509;10
lp1x2_dw12_cw09_shiftandadd.vhd;92;0;7.426ns;0;6
lp1x2_dw12_cw09_truncatedplain.vhd;89;4;11.237ns;0.003333333333333;0
lp1x2_dw12_cw09_truncatedplain0dsp.vhd;398;0;11.338ns;0.003333333333333;0
lp1x2_dw12_cw09_truncatedshiftandadd.vhd;226;0;9.768ns;0.003333333333333;12
lp1x2_dw12_cw10_shiftandadd.vhd;92;0;7.426ns;0;6
lp1x2_dw12_cw10_truncatedplain.vhd;93;4;11.608ns;0.00125;0
lp1x2_dw12_cw10_truncatedplain0dsp.vhd;365;0;11.162ns;0.00125;0
lp1x2_dw12_cw10_truncatedshiftandadd.vhd;235;0;9.804ns;0.00125;12
lp1x2_dw16_cw00_fixiir.vhd;489;0;10.771ns;1.87E-15;0
lp1x2_dw16_cw04_shiftandadd.vhd;115;0;7.676ns;0;6
lp1x2_dw16_cw04_truncatedplain.vhd;142;0;9.249ns;0.086666666666667;0
lp1x2_dw16_cw04_truncatedplain0dsp.vhd;142;0;9.249ns;0.086666666666667;0
lp1x2_dw16_cw04_truncatedshiftandadd.vhd;141;0;8.514ns;0.086666666666667;7
lp1x2_dw16_cw05_shiftandadd.vhd;115;0;7.676ns;0;6
lp1x2_dw16_cw05_truncatedplain.vhd;222;0;9.751ns;0.009744535061258;0
lp1x2_dw16_cw05_truncatedplain0dsp.vhd;222;0;9.751ns;0.009744535061258;0
lp1x2_dw16_cw05_truncatedshiftandadd.vhd;170;0;9.691ns;0.009744535061258;8
lp1x2_dw16_cw06_shiftandadd.vhd;115;0;7.676ns;0;6
lp1x2_dw16_cw06_truncatedplain.vhd;115;3;11.387ns;0;0
lp1x2_dw16_cw06_truncatedplain0dsp.vhd;264;0;9.732ns;0;0
lp1x2_dw16_cw06_truncatedshiftandadd.vhd;192;0;9.506ns;0;9
lp1x2_dw16_cw07_shiftandadd.vhd;116;0;7.616ns;0;6
lp1x2_dw16_cw07_truncatedplain.vhd;97;4;11.391ns;0.001519673574323;0
lp1x2_dw16_cw07_truncatedplain0dsp.vhd;267;0;9.671ns;0.001519673574323;0
lp1x2_dw16_cw07_truncatedshiftandadd.vhd;213;0;9.478ns;0.001519673574323;10
lp1x2_dw16_cw08_shiftandadd.vhd;116;0;7.616ns;0;6
lp1x2_dw16_cw08_truncatedplain.vhd;101;4;11.675ns;0.001776918786509;0
lp1x2_dw16_cw08_truncatedplain0dsp.vhd;258;0;10.494ns;0.001776918786509;0
lp1x2_dw16_cw08_truncatedshiftandadd.vhd;223;0;9.486ns;0.001776918786509;10
lp1x2_dw16_cw09_shiftandadd.vhd;116;0;7.616ns;0;6
lp1x2_dw16_cw09_truncatedplain.vhd;105;4;11.425ns;0.003333333333333;0
lp1x2_dw16_cw09_truncatedplain0dsp.vhd;494;0;11.369ns;0.003333333333333;0
lp1x2_dw16_cw09_truncatedshiftandadd.vhd;274;0;10.592ns;0.003333333333333;12
lp1x2_dw16_cw10_shiftandadd.vhd;116;0;7.616ns;0;6
lp1x2_dw16_cw10_truncatedplain.vhd;109;4;11.853ns;0.00125;0
lp1x2_dw16_cw10_truncatedplain0dsp.vhd;453;0;11.715ns;0.00125;0
lp1x2_dw16_cw10_truncatedshiftandadd.vhd;283;0;10.082ns;0.00125;12
lp1x3_dw08_cw00_fixiir.vhd;190;0;9.860ns;4.34E-15;0
lp1x3_dw08_cw04_shiftandadd.vhd;89;0;8.037ns;0;7
lp1x3_dw08_cw04_truncatedplain.vhd;89;0;8.342ns;0.096666666666667;0
lp1x3_dw08_cw04_truncatedplain0dsp.vhd;89;0;8.342ns;0.096666666666667;0
lp1x3_dw08_cw04_truncatedshiftandadd.vhd;90;0;8.581ns;0.096666666666667;7
lp1x3_dw08_cw05_shiftandadd.vhd;87;0;7.261ns;0;7
lp1x3_dw08_cw05_truncatedplain.vhd;109;0;8.616ns;0.055;0
lp1x3_dw08_cw05_truncatedplain0dsp.vhd;109;0;8.616ns;0.055;0
lp1x3_dw08_cw05_truncatedshiftandadd.vhd;103;0;8.080ns;0.055;8
lp1x3_dw08_cw06_shiftandadd.vhd;82;0;7.406ns;0;6
lp1x3_dw08_cw06_truncatedplain.vhd;108;1;9.339ns;0.034166666666667;0
lp1x3_dw08_cw06_truncatedplain0dsp.vhd;134;0;9.273ns;0.034166666666667;0
lp1x3_dw08_cw06_truncatedshiftandadd.vhd;108;0;8.975ns;0.034166666666667;8
lp1x3_dw08_cw07_shiftandadd.vhd;80;0;7.304ns;0;6
lp1x3_dw08_cw07_truncatedplain.vhd;93;2;9.698ns;0.0003125;0
lp1x3_dw08_cw07_truncatedplain0dsp.vhd;146;0;9.495ns;0.0003125;0
lp1x3_dw08_cw07_truncatedshiftandadd.vhd;128;0;8.659ns;0.0003125;9
lp1x3_dw08_cw08_shiftandadd.vhd;82;0;7.263ns;0;6
lp1x3_dw08_cw08_truncatedplain.vhd;102;2;10.089ns;0.0003125;0
lp1x3_dw08_cw08_truncatedplain0dsp.vhd;154;0;9.022ns;0.0003125;0
lp1x3_dw08_cw08_truncatedshiftandadd.vhd;130;0;9.089ns;0.0003125;9
lp1x3_dw08_cw09_shiftandadd.vhd;82;0;7.406ns;0;6
lp1x3_dw08_cw09_truncatedplain.vhd;105;2;9.893ns;0.001182905833707;0
lp1x3_dw08_cw09_truncatedplain0dsp.vhd;191;0;9.539ns;0.001182905833707;0
lp1x3_dw08_cw09_truncatedshiftandadd.vhd;152;0;9.295ns;0.001182905833707;10
lp1x3_dw08_cw10_shiftandadd.vhd;89;0;7.184ns;0;6
lp1x3_dw08_cw10_truncatedplain.vhd;105;2;9.349ns;0;0
lp1x3_dw08_cw10_truncatedplain0dsp.vhd;170;0;8.962ns;0;0
lp1x3_dw08_cw10_truncatedshiftandadd.vhd;168;0;9.032ns;0;11
lp1x3_dw12_cw00_fixiir.vhd;347;0;10.452ns;4.34E-15;0
lp1x3_dw12_cw04_shiftandadd.vhd;112;0;7.320ns;0;7
lp1x3_dw12_cw04_truncatedplain.vhd;112;0;8.307ns;0.096666666666667;0
lp1x3_dw12_cw04_truncatedplain0dsp.vhd;112;0;8.307ns;0.096666666666667;0
lp1x3_dw12_cw04_truncatedshiftandadd.vhd;113;0;8.570ns;0.096666666666667;7
lp1x3_dw12_cw05_shiftandadd.vhd;110;0;7.450ns;0;7
lp1x3_dw12_cw05_truncatedplain.vhd;136;0;9.009ns;0.055;0
lp1x3_dw12_cw05_truncatedplain0dsp.vhd;136;0;9.009ns;0.055;0
lp1x3_dw12_cw05_truncatedshiftandadd.vhd;130;0;8.510ns;0.055;8
lp1x3_dw12_cw06_shiftandadd.vhd;101;0;7.330ns;0;6
lp1x3_dw12_cw06_truncatedplain.vhd;119;2;9.822ns;0.034166666666667;0
lp1x3_dw12_cw06_truncatedplain0dsp.vhd;177;0;8.993ns;0.034166666666667;0
lp1x3_dw12_cw06_truncatedshiftandadd.vhd;135;0;9.184ns;0.034166666666667;8
lp1x3_dw12_cw07_shiftandadd.vhd;99;0;7.256ns;0;6
lp1x3_dw12_cw07_truncatedplain.vhd;79;4;11.308ns;0.0003125;0
lp1x3_dw12_cw07_truncatedplain0dsp.vhd;192;0;9.399ns;0.0003125;0
lp1x3_dw12_cw07_truncatedshiftandadd.vhd;159;0;9.167ns;0.0003125;9
lp1x3_dw12_cw08_shiftandadd.vhd;101;0;7.299ns;0;6
lp1x3_dw12_cw08_truncatedplain.vhd;83;4;11.506ns;0.0003125;0
lp1x3_dw12_cw08_truncatedplain0dsp.vhd;192;0;10.065ns;0.0003125;0
lp1x3_dw12_cw08_truncatedshiftandadd.vhd;161;0;9.570ns;0.0003125;9
lp1x3_dw12_cw09_shiftandadd.vhd;101;0;7.330ns;0;6
lp1x3_dw12_cw09_truncatedplain.vhd;87;4;11.641ns;0.001182905833707;0
lp1x3_dw12_cw09_truncatedplain0dsp.vhd;243;0;9.968ns;0.001182905833707;0
lp1x3_dw12_cw09_truncatedshiftandadd.vhd;187;0;9.360ns;0.001182905833707;10
lp1x3_dw12_cw10_shiftandadd.vhd;108;0;7.422ns;0;6
lp1x3_dw12_cw10_truncatedplain.vhd;91;4;11.355ns;0;0
lp1x3_dw12_cw10_truncatedplain0dsp.vhd;221;0;9.933ns;0;0
lp1x3_dw12_cw10_truncatedshiftandadd.vhd;211;0;9.653ns;0;11
lp1x3_dw16_cw00_fixiir.vhd;480;0;10.700ns;4.34E-15;0
lp1x3_dw16_cw04_shiftandadd.vhd;140;0;7.731ns;0;7
lp1x3_dw16_cw04_truncatedplain.vhd;140;0;8.556ns;0.096666666666667;0
lp1x3_dw16_cw04_truncatedplain0dsp.vhd;140;0;8.556ns;0.096666666666667;0
lp1x3_dw16_cw04_truncatedshiftandadd.vhd;141;0;8.339ns;0.096666666666667;7
lp1x3_dw16_cw05_shiftandadd.vhd;138;0;7.480ns;0;7
lp1x3_dw16_cw05_truncatedplain.vhd;168;0;9.055ns;0.055;0
lp1x3_dw16_cw05_truncatedplain0dsp.vhd;168;0;9.055ns;0.055;0
lp1x3_dw16_cw05_truncatedshiftandadd.vhd;162;0;8.609ns;0.055;8
lp1x3_dw16_cw06_shiftandadd.vhd;125;0;7.637ns;0;6
lp1x3_dw16_cw06_truncatedplain.vhd;147;2;9.707ns;0.034166666666667;0
lp1x3_dw16_cw06_truncatedplain0dsp.vhd;221;0;10.136ns;0.034166666666667;0
lp1x3_dw16_cw06_truncatedshiftandadd.vhd;167;0;9.759ns;0.034166666666667;8
lp1x3_dw16_cw07_shiftandadd.vhd;123;0;7.754ns;0;6
lp1x3_dw16_cw07_truncatedplain.vhd;95;4;11.655ns;0.0003125;0
lp1x3_dw16_cw07_truncatedplain0dsp.vhd;236;0;9.491ns;0.0003125;0
lp1x3_dw16_cw07_truncatedshiftandadd.vhd;195;0;9.288ns;0.0003125;9
lp1x3_dw16_cw08_shiftandadd.vhd;125;0;7.509ns;0;6
lp1x3_dw16_cw08_truncatedplain.vhd;99;4;11.562ns;0.0003125;0
lp1x3_dw16_cw08_truncatedplain0dsp.vhd;231;0;9.939ns;0.0003125;0
lp1x3_dw16_cw08_truncatedshiftandadd.vhd;197;0;9.826ns;0.0003125;9
lp1x3_dw16_cw09_shiftandadd.vhd;125;0;7.637ns;0;6
lp1x3_dw16_cw09_truncatedplain.vhd;103;4;11.766ns;0.001182905833707;0
lp1x3_dw16_cw09_truncatedplain0dsp.vhd;303;0;10.234ns;0.001182905833707;0
lp1x3_dw16_cw09_truncatedshiftandadd.vhd;227;0;9.293ns;0.001182905833707;10
lp1x3_dw16_cw10_shiftandadd.vhd;132;0;7.742ns;0;6
lp1x3_dw16_cw10_truncatedplain.vhd;107;4;11.528ns;0;0
lp1x3_dw16_cw10_truncatedplain0dsp.vhd;269;0;10.671ns;0;0
lp1x3_dw16_cw10_truncatedshiftandadd.vhd;259;0;9.651ns;0;11
lp1x4_dw08_cw00_fixiir.vhd;193;0;9.741ns;1.11E-16;0
lp1x4_dw08_cw04_truncatedplain.vhd;102;0;7.766ns;0.023333333333333;0
lp1x4_dw08_cw04_truncatedplain0dsp.vhd;102;0;7.766ns;0.023333333333333;0
lp1x4_dw08_cw04_truncatedshiftandadd.vhd;102;0;8.136ns;0.023333333333333;8
lp1x4_dw08_cw05_shiftandadd.vhd;101;0;8.468ns;0;8
lp1x4_dw08_cw05_truncatedplain.vhd;113;0;8.999ns;0.033795989879562;0
lp1x4_dw08_cw05_truncatedplain0dsp.vhd;113;0;8.999ns;0.033795989879562;0
lp1x4_dw08_cw05_truncatedshiftandadd.vhd;99;0;8.829ns;0.033795989879562;8
lp1x4_dw08_cw06_shiftandadd.vhd;105;0;8.127ns;0;8
lp1x4_dw08_cw06_truncatedplain.vhd;129;1;9.437ns;0.0025;0
lp1x4_dw08_cw06_truncatedplain0dsp.vhd;165;0;9.203ns;0.0025;0
lp1x4_dw08_cw06_truncatedshiftandadd.vhd;145;0;9.100ns;0.0025;10
lp1x4_dw08_cw07_shiftandadd.vhd;96;0;7.925ns;0;7
lp1x4_dw08_cw07_truncatedplain.vhd;104;2;9.633ns;0.0025;0
lp1x4_dw08_cw07_truncatedplain0dsp.vhd;159;0;9.377ns;0.0025;0
lp1x4_dw08_cw07_truncatedshiftandadd.vhd;130;0;9.406ns;0.0025;10
lp1x4_dw08_cw08_shiftandadd.vhd;96;0;9.018ns;0;7
lp1x4_dw08_cw08_truncatedplain.vhd;118;2;9.921ns;0.007621620324066;0
lp1x4_dw08_cw08_truncatedplain0dsp.vhd;180;0;9.719ns;0.007621620324066;0
lp1x4_dw08_cw08_truncatedshiftandadd.vhd;143;0;9.207ns;0.007621620324066;10
lp1x4_dw08_cw09_shiftandadd.vhd;96;0;9.016ns;0;7
lp1x4_dw08_cw09_truncatedplain.vhd;134;2;9.972ns;0;0
lp1x4_dw08_cw09_truncatedplain0dsp.vhd;228;0;9.702ns;0;0
lp1x4_dw08_cw09_truncatedshiftandadd.vhd;171;0;9.919ns;0;11
lp1x4_dw08_cw10_shiftandadd.vhd;97;0;8.147ns;0;7
lp1x4_dw08_cw10_truncatedplain.vhd;138;2;10.119ns;0.001197916666667;0
lp1x4_dw08_cw10_truncatedplain0dsp.vhd;217;0;9.630ns;0.001197916666667;0
lp1x4_dw08_cw10_truncatedshiftandadd.vhd;191;0;9.995ns;0.001197916666667;12
lp1x4_dw12_cw00_fixiir.vhd;296;0;9.615ns;1.11E-16;0
lp1x4_dw12_cw04_truncatedplain.vhd;129;0;8.216ns;0.023333333333333;0
lp1x4_dw12_cw04_truncatedplain0dsp.vhd;129;0;8.216ns;0.023333333333333;0
lp1x4_dw12_cw04_truncatedshiftandadd.vhd;129;0;8.249ns;0.023333333333333;8
lp1x4_dw12_cw05_shiftandadd.vhd;128;0;8.393ns;0;8
lp1x4_dw12_cw05_truncatedplain.vhd;144;0;8.886ns;0.033795989879562;0
lp1x4_dw12_cw05_truncatedplain0dsp.vhd;144;0;8.886ns;0.033795989879562;0
lp1x4_dw12_cw05_truncatedshiftandadd.vhd;126;0;9.209ns;0.033795989879562;8
lp1x4_dw12_cw06_shiftandadd.vhd;132;0;8.557ns;0;8
lp1x4_dw12_cw06_truncatedplain.vhd;133;2;9.734ns;0.0025;0
lp1x4_dw12_cw06_truncatedplain0dsp.vhd;217;0;9.861ns;0.0025;0
lp1x4_dw12_cw06_truncatedshiftandadd.vhd;188;0;9.351ns;0.0025;10
lp1x4_dw12_cw07_shiftandadd.vhd;119;0;8.621ns;0;7
lp1x4_dw12_cw07_truncatedplain.vhd;79;4;11.308ns;0.0025;0
lp1x4_dw12_cw07_truncatedplain0dsp.vhd;206;0;9.300ns;0.0025;0
lp1x4_dw12_cw07_truncatedshiftandadd.vhd;165;0;9.601ns;0.0025;10
lp1x4_dw12_cw08_shiftandadd.vhd;119;0;9.284ns;0;7
lp1x4_dw12_cw08_truncatedplain.vhd;83;4;11.506ns;0.007621620324066;0
lp1x4_dw12_cw08_truncatedplain0dsp.vhd;219;0;9.804ns;0.007621620324066;0
lp1x4_dw12_cw08_truncatedshiftandadd.vhd;178;0;9.308ns;0.007621620324066;10
lp1x4_dw12_cw09_shiftandadd.vhd;119;0;8.962ns;0;7
lp1x4_dw12_cw09_truncatedplain.vhd;86;4;11.435ns;0;0
lp1x4_dw12_cw09_truncatedplain0dsp.vhd;308;0;10.918ns;0;0
lp1x4_dw12_cw09_truncatedshiftandadd.vhd;210;0;10.693ns;0;11
lp1x4_dw12_cw10_shiftandadd.vhd;120;0;8.803ns;0;7
lp1x4_dw12_cw10_truncatedplain.vhd;90;4;11.407ns;0.001197916666667;0
lp1x4_dw12_cw10_truncatedplain0dsp.vhd;302;0;10.991ns;0.001197916666667;0
lp1x4_dw12_cw10_truncatedshiftandadd.vhd;234;0;10.826ns;0.001197916666667;12
lp1x4_dw16_cw00_fixiir.vhd;463;0;10.521ns;1.11E-16;0
lp1x4_dw16_cw04_truncatedplain.vhd;161;0;8.295ns;0.023333333333333;0
lp1x4_dw16_cw04_truncatedplain0dsp.vhd;161;0;8.295ns;0.023333333333333;0
lp1x4_dw16_cw04_truncatedshiftandadd.vhd;161;0;8.674ns;0.023333333333333;8
lp1x4_dw16_cw05_shiftandadd.vhd;160;0;8.460ns;0;8
lp1x4_dw16_cw05_truncatedplain.vhd;180;0;9.628ns;0.033795989879562;0
lp1x4_dw16_cw05_truncatedplain0dsp.vhd;180;0;9.628ns;0.033795989879562;0
lp1x4_dw16_cw05_truncatedshiftandadd.vhd;158;0;9.612ns;0.033795989879562;8
lp1x4_dw16_cw06_shiftandadd.vhd;164;0;8.416ns;0;8
lp1x4_dw16_cw06_truncatedplain.vhd;165;2;9.826ns;0.0025;0
lp1x4_dw16_cw06_truncatedplain0dsp.vhd;273;0;9.811ns;0.0025;0
lp1x4_dw16_cw06_truncatedshiftandadd.vhd;236;0;10.403ns;0.0025;10
lp1x4_dw16_cw07_shiftandadd.vhd;147;0;8.439ns;0;7
lp1x4_dw16_cw07_truncatedplain.vhd;95;4;11.655ns;0.0025;0
lp1x4_dw16_cw07_truncatedplain0dsp.vhd;254;0;9.767ns;0.0025;0
lp1x4_dw16_cw07_truncatedshiftandadd.vhd;205;0;9.511ns;0.0025;10
lp1x4_dw16_cw08_shiftandadd.vhd;147;0;9.553ns;0;7
lp1x4_dw16_cw08_truncatedplain.vhd;99;4;11.562ns;0.007621620324066;0
lp1x4_dw16_cw08_truncatedplain0dsp.vhd;269;0;9.526ns;0.007621620324066;0
lp1x4_dw16_cw08_truncatedshiftandadd.vhd;218;0;9.163ns;0.007621620324066;10
lp1x4_dw16_cw09_shiftandadd.vhd;147;0;9.381ns;0;7
lp1x4_dw16_cw09_truncatedplain.vhd;102;4;11.503ns;0;0
lp1x4_dw16_cw09_truncatedplain0dsp.vhd;384;0;11.212ns;0;0
lp1x4_dw16_cw09_truncatedshiftandadd.vhd;254;0;10.710ns;0;11
lp1x4_dw16_cw10_shiftandadd.vhd;148;0;8.928ns;0;7
lp1x4_dw16_cw10_truncatedplain.vhd;106;4;11.587ns;0.001197916666667;0
lp1x4_dw16_cw10_truncatedplain0dsp.vhd;379;0;11.711ns;0.001197916666667;0
lp1x4_dw16_cw10_truncatedshiftandadd.vhd;282;0;10.814ns;0.001197916666667;12
lp1x5_dw08_cw00_fixiir.vhd;191;0;9.671ns;4.97E-06;0
lp1x5_dw08_cw04_truncatedplain.vhd;85;0;8.048ns;0.162355714285714;0
lp1x5_dw08_cw04_truncatedplain0dsp.vhd;85;0;8.048ns;0.162355714285714;0
lp1x5_dw08_cw04_truncatedshiftandadd.vhd;88;0;8.227ns;0.162355714285714;7
lp1x5_dw08_cw05_shiftandadd.vhd;101;0;8.468ns;0;8
lp1x5_dw08_cw05_truncatedplain.vhd;115;0;9.085ns;0.014736666666666;0
lp1x5_dw08_cw05_truncatedplain0dsp.vhd;115;0;9.085ns;0.014736666666666;0
lp1x5_dw08_cw05_truncatedshiftandadd.vhd;99;0;8.782ns;0.014736666666666;8
lp1x5_dw08_cw06_shiftandadd.vhd;106;0;8.140ns;0;8
lp1x5_dw08_cw06_truncatedplain.vhd;119;1;9.463ns;0.020188193963532;0
lp1x5_dw08_cw06_truncatedplain0dsp.vhd;141;0;9.177ns;0.020188193963532;0
lp1x5_dw08_cw06_truncatedshiftandadd.vhd;101;0;8.970ns;0.020188193963532;8
lp1x5_dw08_cw07_shiftandadd.vhd;105;0;8.113ns;0;8
lp1x5_dw08_cw07_truncatedplain.vhd;113;2;10.001ns;0.002236666666666;0
lp1x5_dw08_cw07_truncatedplain0dsp.vhd;172;0;9.418ns;0.002236666666666;0
lp1x5_dw08_cw07_truncatedshiftandadd.vhd;135;0;9.249ns;0.002236666666666;10
lp1x5_dw08_cw08_shiftandadd.vhd;102;0;8.164ns;0;8
lp1x5_dw08_cw08_truncatedplain.vhd;120;2;9.671ns;0.0018141044489;0
lp1x5_dw08_cw08_truncatedplain0dsp.vhd;188;0;9.567ns;0.0018141044489;0
lp1x5_dw08_cw08_truncatedshiftandadd.vhd;158;0;10.067ns;0.0018141044489;11
lp1x5_dw08_cw09_shiftandadd.vhd;106;0;8.140ns;0;8
lp1x5_dw08_cw09_truncatedplain.vhd;146;2;10.473ns;0.001305908141962;0
lp1x5_dw08_cw09_truncatedplain0dsp.vhd;227;0;10.022ns;0.001305908141962;0
lp1x5_dw08_cw09_truncatedshiftandadd.vhd;155;0;10.111ns;0.001305908141962;11
lp1x5_dw08_cw10_shiftandadd.vhd;105;0;8.276ns;0;8
lp1x5_dw08_cw10_truncatedplain.vhd;154;2;10.371ns;0.000286888707688;0
lp1x5_dw08_cw10_truncatedplain0dsp.vhd;241;0;9.934ns;0.000286888707688;0
lp1x5_dw08_cw10_truncatedshiftandadd.vhd;177;0;10.548ns;0.000286888707688;11
lp1x5_dw12_cw00_fixiir.vhd;289;0;9.743ns;4.97E-06;0
lp1x5_dw12_cw04_truncatedplain.vhd;108;0;8.391ns;0.162355714285714;0
lp1x5_dw12_cw04_truncatedplain0dsp.vhd;108;0;8.391ns;0.162355714285714;0
lp1x5_dw12_cw04_truncatedshiftandadd.vhd;111;0;8.266ns;0.162355714285714;7
lp1x5_dw12_cw05_shiftandadd.vhd;128;0;8.393ns;0;8
lp1x5_dw12_cw05_truncatedplain.vhd;148;0;9.230ns;0.014736666666666;0
lp1x5_dw12_cw05_truncatedplain0dsp.vhd;148;0;9.230ns;0.014736666666666;0
lp1x5_dw12_cw05_truncatedshiftandadd.vhd;126;0;9.553ns;0.014736666666666;8
lp1x5_dw12_cw06_shiftandadd.vhd;133;0;8.451ns;0;8
lp1x5_dw12_cw06_truncatedplain.vhd;134;2;9.845ns;0.020188193963532;0
lp1x5_dw12_cw06_truncatedplain0dsp.vhd;189;0;9.538ns;0.020188193963532;0
lp1x5_dw12_cw06_truncatedshiftandadd.vhd;128;0;9.186ns;0.020188193963532;8
lp1x5_dw12_cw07_shiftandadd.vhd;132;0;8.551ns;0;8
lp1x5_dw12_cw07_truncatedplain.vhd;79;4;11.613ns;0.002236666666666;0
lp1x5_dw12_cw07_truncatedplain0dsp.vhd;228;0;9.351ns;0.002236666666666;0
lp1x5_dw12_cw07_truncatedshiftandadd.vhd;170;0;9.280ns;0.002236666666666;10
lp1x5_dw12_cw08_shiftandadd.vhd;129;0;8.587ns;0;8
lp1x5_dw12_cw08_truncatedplain.vhd;83;4;11.666ns;0.0018141044489;0
lp1x5_dw12_cw08_truncatedplain0dsp.vhd;230;0;10.171ns;0.0018141044489;0
lp1x5_dw12_cw08_truncatedshiftandadd.vhd;201;0;10.289ns;0.0018141044489;11
lp1x5_dw12_cw09_shiftandadd.vhd;133;0;8.819ns;0;8
lp1x5_dw12_cw09_truncatedplain.vhd;87;4;11.435ns;0.001305908141962;0
lp1x5_dw12_cw09_truncatedplain0dsp.vhd;305;0;10.602ns;0.001305908141962;0
lp1x5_dw12_cw09_truncatedshiftandadd.vhd;194;0;10.710ns;0.001305908141962;11
lp1x5_dw12_cw10_shiftandadd.vhd;132;0;8.591ns;0;8
lp1x5_dw12_cw10_truncatedplain.vhd;91;4;11.407ns;0.000286888707688;0
lp1x5_dw12_cw10_truncatedplain0dsp.vhd;318;0;10.672ns;0.000286888707688;0
lp1x5_dw12_cw10_truncatedshiftandadd.vhd;220;0;10.535ns;0.000286888707688;11
lp1x5_dw16_cw00_fixiir.vhd;452;0;10.715ns;4.97E-06;0
lp1x5_dw16_cw04_truncatedplain.vhd;136;0;9.161ns;0.162355714285714;0
lp1x5_dw16_cw04_truncatedplain0dsp.vhd;136;0;9.161ns;0.162355714285714;0
lp1x5_dw16_cw04_truncatedshiftandadd.vhd;139;0;8.618ns;0.162355714285714;7
lp1x5_dw16_cw05_shiftandadd.vhd;160;0;8.460ns;0;8
lp1x5_dw16_cw05_truncatedplain.vhd;184;0;9.529ns;0.014736666666666;0
lp1x5_dw16_cw05_truncatedplain0dsp.vhd;184;0;9.529ns;0.014736666666666;0
lp1x5_dw16_cw05_truncatedshiftandadd.vhd;158;0;9.455ns;0.014736666666666;8
lp1x5_dw16_cw06_shiftandadd.vhd;165;0;9.124ns;0;8
lp1x5_dw16_cw06_truncatedplain.vhd;166;2;9.800ns;0.020188193963532;0
lp1x5_dw16_cw06_truncatedplain0dsp.vhd;237;0;9.592ns;0.020188193963532;0
lp1x5_dw16_cw06_truncatedshiftandadd.vhd;160;0;9.405ns;0.020188193963532;8
lp1x5_dw16_cw07_shiftandadd.vhd;164;0;8.558ns;0;8
lp1x5_dw16_cw07_truncatedplain.vhd;95;4;11.316ns;0.002236666666666;0
lp1x5_dw16_cw07_truncatedplain0dsp.vhd;284;0;10.269ns;0.002236666666666;0
lp1x5_dw16_cw07_truncatedshiftandadd.vhd;210;0;9.619ns;0.002236666666666;10
lp1x5_dw16_cw08_shiftandadd.vhd;161;0;8.328ns;0;8
lp1x5_dw16_cw08_truncatedplain.vhd;99;4;11.661ns;0.0018141044489;0
lp1x5_dw16_cw08_truncatedplain0dsp.vhd;282;0;10.178ns;0.0018141044489;0
lp1x5_dw16_cw08_truncatedshiftandadd.vhd;249;0;10.883ns;0.0018141044489;11
lp1x5_dw16_cw09_shiftandadd.vhd;165;0;9.124ns;0;8
lp1x5_dw16_cw09_truncatedplain.vhd;103;4;11.484ns;0.001305908141962;0
lp1x5_dw16_cw09_truncatedplain0dsp.vhd;384;0;10.853ns;0.001305908141962;0
lp1x5_dw16_cw09_truncatedshiftandadd.vhd;238;0;10.337ns;0.001305908141962;11
lp1x5_dw16_cw10_shiftandadd.vhd;164;0;8.501ns;0;8
lp1x5_dw16_cw10_truncatedplain.vhd;107;4;11.790ns;0.000286888707688;0
lp1x5_dw16_cw10_truncatedplain0dsp.vhd;398;0;11.012ns;0.000286888707688;0
lp1x5_dw16_cw10_truncatedshiftandadd.vhd;268;0;10.883ns;0.000286888707688;11
lp2x0_dw08_cw00_fixiir.vhd;209;0;9.765ns;5E-16;0
lp2x0_dw08_cw04_shiftandadd.vhd;61;0;7.367ns;0;5
lp2x0_dw08_cw04_truncatedplain.vhd;109;0;8.698ns;0.02629671411118;0
lp2x0_dw08_cw04_truncatedplain0dsp.vhd;109;0;8.698ns;0.02629671411118;0
lp2x0_dw08_cw04_truncatedshiftandadd.vhd;91;0;8.119ns;0.02629671411118;7
lp2x0_dw08_cw05_shiftandadd.vhd;64;0;7.125ns;0;5
lp2x0_dw08_cw05_truncatedplain.vhd;115;0;9.054ns;0.036363636363636;0
lp2x0_dw08_cw05_truncatedplain0dsp.vhd;115;0;9.054ns;0.036363636363636;0
lp2x0_dw08_cw05_truncatedshiftandadd.vhd;108;0;9.028ns;0.036363636363636;8
lp2x0_dw08_cw06_shiftandadd.vhd;64;0;7.125ns;0;5
lp2x0_dw08_cw06_truncatedplain.vhd;125;1;9.420ns;0.007494518186514;0
lp2x0_dw08_cw06_truncatedplain0dsp.vhd;138;0;9.469ns;0.007494518186514;0
lp2x0_dw08_cw06_truncatedshiftandadd.vhd;123;0;9.459ns;0.007494518186514;9
lp2x0_dw08_cw07_shiftandadd.vhd;64;0;7.125ns;0;5
lp2x0_dw08_cw07_truncatedplain.vhd;104;2;9.534ns;0.007494518186514;0
lp2x0_dw08_cw07_truncatedplain0dsp.vhd;151;0;9.043ns;0.007494518186514;0
lp2x0_dw08_cw07_truncatedshiftandadd.vhd;124;0;9.063ns;0.007494518186514;9
lp2x0_dw08_cw08_shiftandadd.vhd;63;0;7.657ns;0;5
lp2x0_dw08_cw08_truncatedplain.vhd;130;2;9.559ns;0.001744186046512;0
lp2x0_dw08_cw08_truncatedplain0dsp.vhd;219;0;9.180ns;0.001744186046512;0
lp2x0_dw08_cw08_truncatedshiftandadd.vhd;174;0;10.181ns;0.001744186046512;11
lp2x0_dw08_cw09_shiftandadd.vhd;64;0;7.125ns;0;5
lp2x0_dw08_cw09_truncatedplain.vhd;133;2;9.818ns;0.001744186046512;0
lp2x0_dw08_cw09_truncatedplain0dsp.vhd;250;0;9.710ns;0.001744186046512;0
lp2x0_dw08_cw09_truncatedshiftandadd.vhd;170;0;10.796ns;0.001744186046512;11
lp2x0_dw08_cw10_shiftandadd.vhd;64;0;7.125ns;0;5
lp2x0_dw08_cw10_truncatedplain.vhd;148;2;11.374ns;0;0
lp2x0_dw08_cw10_truncatedplain0dsp.vhd;262;0;10.993ns;0;0
lp2x0_dw08_cw10_truncatedshiftandadd.vhd;187;0;10.171ns;0;12
lp2x0_dw12_cw00_fixiir.vhd;348;0;10.905ns;5E-16;0
lp2x0_dw12_cw04_shiftandadd.vhd;76;0;7.665ns;0;5
lp2x0_dw12_cw04_truncatedplain.vhd;136;0;8.985ns;0.02629671411118;0
lp2x0_dw12_cw04_truncatedplain0dsp.vhd;136;0;8.985ns;0.02629671411118;0
lp2x0_dw12_cw04_truncatedshiftandadd.vhd;114;0;8.410ns;0.02629671411118;7
lp2x0_dw12_cw05_shiftandadd.vhd;79;0;7.492ns;0;5
lp2x0_dw12_cw05_truncatedplain.vhd;149;0;8.886ns;0.036363636363636;0
lp2x0_dw12_cw05_truncatedplain0dsp.vhd;149;0;8.886ns;0.036363636363636;0
lp2x0_dw12_cw05_truncatedshiftandadd.vhd;135;0;9.498ns;0.036363636363636;8
lp2x0_dw12_cw06_shiftandadd.vhd;79;0;7.492ns;0;5
lp2x0_dw12_cw06_truncatedplain.vhd;110;3;11.057ns;0.007494518186514;0
lp2x0_dw12_cw06_truncatedplain0dsp.vhd;183;0;9.902ns;0.007494518186514;0
lp2x0_dw12_cw06_truncatedshiftandadd.vhd;154;0;9.927ns;0.007494518186514;9
lp2x0_dw12_cw07_shiftandadd.vhd;79;0;7.492ns;0;5
lp2x0_dw12_cw07_truncatedplain.vhd;81;4;11.540ns;0.007494518186514;0
lp2x0_dw12_cw07_truncatedplain0dsp.vhd;198;0;9.592ns;0.007494518186514;0
lp2x0_dw12_cw07_truncatedshiftandadd.vhd;155;0;9.461ns;0.007494518186514;9
lp2x0_dw12_cw08_shiftandadd.vhd;78;0;7.497ns;0;5
lp2x0_dw12_cw08_truncatedplain.vhd;85;4;11.433ns;0.001744186046512;0
lp2x0_dw12_cw08_truncatedplain0dsp.vhd;259;0;10.198ns;0.001744186046512;0
lp2x0_dw12_cw08_truncatedshiftandadd.vhd;217;0;10.557ns;0.001744186046512;11
lp2x0_dw12_cw09_shiftandadd.vhd;79;0;7.492ns;0;5
lp2x0_dw12_cw09_truncatedplain.vhd;89;4;11.237ns;0.001744186046512;0
lp2x0_dw12_cw09_truncatedplain0dsp.vhd;331;0;10.493ns;0.001744186046512;0
lp2x0_dw12_cw09_truncatedshiftandadd.vhd;213;0;10.400ns;0.001744186046512;11
lp2x0_dw12_cw10_shiftandadd.vhd;79;0;7.492ns;0;5
lp2x0_dw12_cw10_truncatedplain.vhd;93;4;11.608ns;0;0
lp2x0_dw12_cw10_truncatedplain0dsp.vhd;332;0;11.857ns;0;0
lp2x0_dw12_cw10_truncatedshiftandadd.vhd;230;0;10.217ns;0;12
lp2x0_dw16_cw00_fixiir.vhd;487;0;11.187ns;5E-16;0
lp2x0_dw16_cw04_shiftandadd.vhd;96;0;7.446ns;0;5
lp2x0_dw16_cw04_truncatedplain.vhd;168;0;9.247ns;0.02629671411118;0
lp2x0_dw16_cw04_truncatedplain0dsp.vhd;168;0;9.247ns;0.02629671411118;0
lp2x0_dw16_cw04_truncatedshiftandadd.vhd;142;0;8.465ns;0.02629671411118;7
lp2x0_dw16_cw05_shiftandadd.vhd;99;0;7.576ns;0;5
lp2x0_dw16_cw05_truncatedplain.vhd;185;0;9.880ns;0.036363636363636;0
lp2x0_dw16_cw05_truncatedplain0dsp.vhd;185;0;9.880ns;0.036363636363636;0
lp2x0_dw16_cw05_truncatedshiftandadd.vhd;167;0;9.525ns;0.036363636363636;8
lp2x0_dw16_cw06_shiftandadd.vhd;99;0;7.576ns;0;5
lp2x0_dw16_cw06_truncatedplain.vhd;134;3;11.456ns;0.007494518186514;0
lp2x0_dw16_cw06_truncatedplain0dsp.vhd;227;0;10.126ns;0.007494518186514;0
lp2x0_dw16_cw06_truncatedshiftandadd.vhd;190;0;10.356ns;0.007494518186514;9
lp2x0_dw16_cw07_shiftandadd.vhd;99;0;7.576ns;0;5
lp2x0_dw16_cw07_truncatedplain.vhd;97;4;11.391ns;0.007494518186514;0
lp2x0_dw16_cw07_truncatedplain0dsp.vhd;246;0;10.089ns;0.007494518186514;0
lp2x0_dw16_cw07_truncatedshiftandadd.vhd;191;0;9.619ns;0.007494518186514;9
lp2x0_dw16_cw08_shiftandadd.vhd;98;0;7.452ns;0;5
lp2x0_dw16_cw08_truncatedplain.vhd;101;4;11.675ns;0.001744186046512;0
lp2x0_dw16_cw08_truncatedplain0dsp.vhd;315;0;10.580ns;0.001744186046512;0
lp2x0_dw16_cw08_truncatedshiftandadd.vhd;265;0;11.095ns;0.001744186046512;11
lp2x0_dw16_cw09_shiftandadd.vhd;99;0;7.576ns;0;5
lp2x0_dw16_cw09_truncatedplain.vhd;105;4;11.425ns;0.001744186046512;0
lp2x0_dw16_cw09_truncatedplain0dsp.vhd;412;0;11.850ns;0.001744186046512;0
lp2x0_dw16_cw09_truncatedshiftandadd.vhd;261;0;11.417ns;0.001744186046512;11
lp2x0_dw16_cw10_shiftandadd.vhd;99;0;7.576ns;0;5
lp2x0_dw16_cw10_truncatedplain.vhd;109;4;11.853ns;0;0
lp2x0_dw16_cw10_truncatedplain0dsp.vhd;412;0;11.922ns;0;0
lp2x0_dw16_cw10_truncatedshiftandadd.vhd;278;0;10.436ns;0;12
lp2x1_dw08_cw00_fixiir.vhd;209;0;9.765ns;5E-16;0
lp2x1_dw08_cw04_shiftandadd.vhd;63;0;7.657ns;0;5
lp2x1_dw08_cw04_truncatedplain.vhd;109;0;8.698ns;0.02629671411118;0
lp2x1_dw08_cw04_truncatedplain0dsp.vhd;109;0;8.698ns;0.02629671411118;0
lp2x1_dw08_cw04_truncatedshiftandadd.vhd;91;0;8.119ns;0.02629671411118;7
lp2x1_dw08_cw05_shiftandadd.vhd;63;0;7.657ns;0;5
lp2x1_dw08_cw05_truncatedplain.vhd;115;0;9.054ns;0.036363636363636;0
lp2x1_dw08_cw05_truncatedplain0dsp.vhd;115;0;9.054ns;0.036363636363636;0
lp2x1_dw08_cw05_truncatedshiftandadd.vhd;108;0;9.028ns;0.036363636363636;8
lp2x1_dw08_cw06_shiftandadd.vhd;64;0;7.125ns;0;5
lp2x1_dw08_cw06_truncatedplain.vhd;125;1;9.420ns;0.007494518186514;0
lp2x1_dw08_cw06_truncatedplain0dsp.vhd;138;0;9.469ns;0.007494518186514;0
lp2x1_dw08_cw06_truncatedshiftandadd.vhd;123;0;9.459ns;0.007494518186514;9
lp2x1_dw08_cw07_shiftandadd.vhd;63;0;7.657ns;0;5
lp2x1_dw08_cw07_truncatedplain.vhd;104;2;9.534ns;0.007494518186514;0
lp2x1_dw08_cw07_truncatedplain0dsp.vhd;151;0;9.043ns;0.007494518186514;0
lp2x1_dw08_cw07_truncatedshiftandadd.vhd;124;0;9.063ns;0.007494518186514;9
lp2x1_dw08_cw08_shiftandadd.vhd;63;0;7.657ns;0;5
lp2x1_dw08_cw08_truncatedplain.vhd;130;2;9.559ns;0.001744186046512;0
lp2x1_dw08_cw08_truncatedplain0dsp.vhd;219;0;9.180ns;0.001744186046512;0
lp2x1_dw08_cw08_truncatedshiftandadd.vhd;174;0;10.181ns;0.001744186046512;11
lp2x1_dw08_cw09_shiftandadd.vhd;63;0;7.657ns;0;5
lp2x1_dw08_cw09_truncatedplain.vhd;133;2;9.818ns;0.001744186046512;0
lp2x1_dw08_cw09_truncatedplain0dsp.vhd;250;0;9.710ns;0.001744186046512;0
lp2x1_dw08_cw09_truncatedshiftandadd.vhd;170;0;10.796ns;0.001744186046512;11
lp2x1_dw08_cw10_shiftandadd.vhd;63;0;7.657ns;0;5
lp2x1_dw08_cw10_truncatedplain.vhd;148;2;11.374ns;0;0
lp2x1_dw08_cw10_truncatedplain0dsp.vhd;262;0;10.993ns;0;0
lp2x1_dw08_cw10_truncatedshiftandadd.vhd;187;0;10.171ns;0;12
lp2x1_dw12_cw00_fixiir.vhd;348;0;10.905ns;5E-16;0
lp2x1_dw12_cw04_shiftandadd.vhd;78;0;7.497ns;0;5
lp2x1_dw12_cw04_truncatedplain.vhd;136;0;8.985ns;0.02629671411118;0
lp2x1_dw12_cw04_truncatedplain0dsp.vhd;136;0;8.985ns;0.02629671411118;0
lp2x1_dw12_cw04_truncatedshiftandadd.vhd;114;0;8.410ns;0.02629671411118;7
lp2x1_dw12_cw05_shiftandadd.vhd;78;0;7.497ns;0;5
lp2x1_dw12_cw05_truncatedplain.vhd;149;0;8.886ns;0.036363636363636;0
lp2x1_dw12_cw05_truncatedplain0dsp.vhd;149;0;8.886ns;0.036363636363636;0
lp2x1_dw12_cw05_truncatedshiftandadd.vhd;135;0;9.498ns;0.036363636363636;8
lp2x1_dw12_cw06_shiftandadd.vhd;79;0;7.492ns;0;5
lp2x1_dw12_cw06_truncatedplain.vhd;110;3;11.057ns;0.007494518186514;0
lp2x1_dw12_cw06_truncatedplain0dsp.vhd;183;0;9.902ns;0.007494518186514;0
lp2x1_dw12_cw06_truncatedshiftandadd.vhd;154;0;9.927ns;0.007494518186514;9
lp2x1_dw12_cw07_shiftandadd.vhd;78;0;7.497ns;0;5
lp2x1_dw12_cw07_truncatedplain.vhd;81;4;11.540ns;0.007494518186514;0
lp2x1_dw12_cw07_truncatedplain0dsp.vhd;198;0;9.592ns;0.007494518186514;0
lp2x1_dw12_cw07_truncatedshiftandadd.vhd;155;0;9.461ns;0.007494518186514;9
lp2x1_dw12_cw08_shiftandadd.vhd;78;0;7.497ns;0;5
lp2x1_dw12_cw08_truncatedplain.vhd;85;4;11.433ns;0.001744186046512;0
lp2x1_dw12_cw08_truncatedplain0dsp.vhd;259;0;10.198ns;0.001744186046512;0
lp2x1_dw12_cw08_truncatedshiftandadd.vhd;217;0;10.557ns;0.001744186046512;11
lp2x1_dw12_cw09_shiftandadd.vhd;78;0;7.497ns;0;5
lp2x1_dw12_cw09_truncatedplain.vhd;89;4;11.237ns;0.001744186046512;0
lp2x1_dw12_cw09_truncatedplain0dsp.vhd;331;0;10.493ns;0.001744186046512;0
lp2x1_dw12_cw09_truncatedshiftandadd.vhd;213;0;10.400ns;0.001744186046512;11
lp2x1_dw12_cw10_shiftandadd.vhd;78;0;7.497ns;0;5
lp2x1_dw12_cw10_truncatedplain.vhd;93;4;11.608ns;0;0
lp2x1_dw12_cw10_truncatedplain0dsp.vhd;332;0;11.857ns;0;0
lp2x1_dw12_cw10_truncatedshiftandadd.vhd;230;0;10.217ns;0;12
lp2x1_dw16_cw00_fixiir.vhd;487;0;11.187ns;5E-16;0
lp2x1_dw16_cw04_shiftandadd.vhd;98;0;7.452ns;0;5
lp2x1_dw16_cw04_truncatedplain.vhd;168;0;9.247ns;0.02629671411118;0
lp2x1_dw16_cw04_truncatedplain0dsp.vhd;168;0;9.247ns;0.02629671411118;0
lp2x1_dw16_cw04_truncatedshiftandadd.vhd;142;0;8.465ns;0.02629671411118;7
lp2x1_dw16_cw05_shiftandadd.vhd;98;0;7.452ns;0;5
lp2x1_dw16_cw05_truncatedplain.vhd;185;0;9.880ns;0.036363636363636;0
lp2x1_dw16_cw05_truncatedplain0dsp.vhd;185;0;9.880ns;0.036363636363636;0
lp2x1_dw16_cw05_truncatedshiftandadd.vhd;167;0;9.525ns;0.036363636363636;8
lp2x1_dw16_cw06_shiftandadd.vhd;99;0;7.576ns;0;5
lp2x1_dw16_cw06_truncatedplain.vhd;134;3;11.456ns;0.007494518186514;0
lp2x1_dw16_cw06_truncatedplain0dsp.vhd;227;0;10.126ns;0.007494518186514;0
lp2x1_dw16_cw06_truncatedshiftandadd.vhd;190;0;10.356ns;0.007494518186514;9
lp2x1_dw16_cw07_shiftandadd.vhd;98;0;7.452ns;0;5
lp2x1_dw16_cw07_truncatedplain.vhd;97;4;11.391ns;0.007494518186514;0
lp2x1_dw16_cw07_truncatedplain0dsp.vhd;246;0;10.089ns;0.007494518186514;0
lp2x1_dw16_cw07_truncatedshiftandadd.vhd;191;0;9.619ns;0.007494518186514;9
lp2x1_dw16_cw08_shiftandadd.vhd;98;0;7.452ns;0;5
lp2x1_dw16_cw08_truncatedplain.vhd;101;4;11.675ns;0.001744186046512;0
lp2x1_dw16_cw08_truncatedplain0dsp.vhd;315;0;10.580ns;0.001744186046512;0
lp2x1_dw16_cw08_truncatedshiftandadd.vhd;265;0;11.095ns;0.001744186046512;11
lp2x1_dw16_cw09_shiftandadd.vhd;98;0;7.452ns;0;5
lp2x1_dw16_cw09_truncatedplain.vhd;105;4;11.425ns;0.001744186046512;0
lp2x1_dw16_cw09_truncatedplain0dsp.vhd;412;0;11.850ns;0.001744186046512;0
lp2x1_dw16_cw09_truncatedshiftandadd.vhd;261;0;11.417ns;0.001744186046512;11
lp2x1_dw16_cw10_shiftandadd.vhd;98;0;7.452ns;0;5
lp2x1_dw16_cw10_truncatedplain.vhd;109;4;11.853ns;0;0
lp2x1_dw16_cw10_truncatedplain0dsp.vhd;412;0;11.922ns;0;0
lp2x1_dw16_cw10_truncatedshiftandadd.vhd;278;0;10.436ns;0;12
lp2x2_dw08_cw00_fixiir.vhd;209;0;9.765ns;5E-16;0
lp2x2_dw08_cw04_truncatedplain.vhd;109;0;8.698ns;0.02629671411118;0
lp2x2_dw08_cw04_truncatedplain0dsp.vhd;109;0;8.698ns;0.02629671411118;0
lp2x2_dw08_cw04_truncatedshiftandadd.vhd;91;0;8.119ns;0.02629671411118;7
lp2x2_dw08_cw05_shiftandadd.vhd;95;0;8.790ns;0;7
lp2x2_dw08_cw05_truncatedplain.vhd;115;0;9.054ns;0.036363636363636;0
lp2x2_dw08_cw05_truncatedplain0dsp.vhd;115;0;9.054ns;0.036363636363636;0
lp2x2_dw08_cw05_truncatedshiftandadd.vhd;108;0;9.028ns;0.036363636363636;8
lp2x2_dw08_cw06_shiftandadd.vhd;93;0;8.361ns;0;7
lp2x2_dw08_cw06_truncatedplain.vhd;125;1;9.420ns;0.007494518186514;0
lp2x2_dw08_cw06_truncatedplain0dsp.vhd;138;0;9.469ns;0.007494518186514;0
lp2x2_dw08_cw06_truncatedshiftandadd.vhd;123;0;9.459ns;0.007494518186514;9
lp2x2_dw08_cw07_shiftandadd.vhd;95;0;8.790ns;0;7
lp2x2_dw08_cw07_truncatedplain.vhd;104;2;9.534ns;0.007494518186514;0
lp2x2_dw08_cw07_truncatedplain0dsp.vhd;151;0;9.043ns;0.007494518186514;0
lp2x2_dw08_cw07_truncatedshiftandadd.vhd;124;0;9.063ns;0.007494518186514;9
lp2x2_dw08_cw08_shiftandadd.vhd;95;0;8.454ns;0;7
lp2x2_dw08_cw08_truncatedplain.vhd;130;2;9.559ns;0.001744186046512;0
lp2x2_dw08_cw08_truncatedplain0dsp.vhd;219;0;9.180ns;0.001744186046512;0
lp2x2_dw08_cw08_truncatedshiftandadd.vhd;174;0;10.181ns;0.001744186046512;11
lp2x2_dw08_cw09_shiftandadd.vhd;88;0;7.558ns;0;7
lp2x2_dw08_cw09_truncatedplain.vhd;133;2;9.818ns;0.001744186046512;0
lp2x2_dw08_cw09_truncatedplain0dsp.vhd;250;0;9.710ns;0.001744186046512;0
lp2x2_dw08_cw09_truncatedshiftandadd.vhd;170;0;10.796ns;0.001744186046512;11
lp2x2_dw08_cw10_shiftandadd.vhd;87;0;7.188ns;0;7
lp2x2_dw08_cw10_truncatedplain.vhd;148;2;11.374ns;0;0
lp2x2_dw08_cw10_truncatedplain0dsp.vhd;262;0;10.993ns;0;0
lp2x2_dw08_cw10_truncatedshiftandadd.vhd;187;0;10.171ns;0;12
lp2x2_dw12_cw00_fixiir.vhd;348;0;10.905ns;5E-16;0
lp2x2_dw12_cw04_truncatedplain.vhd;136;0;8.985ns;0.02629671411118;0
lp2x2_dw12_cw04_truncatedplain0dsp.vhd;136;0;8.985ns;0.02629671411118;0
lp2x2_dw12_cw04_truncatedshiftandadd.vhd;114;0;8.410ns;0.02629671411118;7
lp2x2_dw12_cw05_shiftandadd.vhd;118;0;8.801ns;0;7
lp2x2_dw12_cw05_truncatedplain.vhd;149;0;8.886ns;0.036363636363636;0
lp2x2_dw12_cw05_truncatedplain0dsp.vhd;149;0;8.886ns;0.036363636363636;0
lp2x2_dw12_cw05_truncatedshiftandadd.vhd;135;0;9.498ns;0.036363636363636;8
lp2x2_dw12_cw06_shiftandadd.vhd;116;0;8.522ns;0;7
lp2x2_dw12_cw06_truncatedplain.vhd;110;3;11.057ns;0.007494518186514;0
lp2x2_dw12_cw06_truncatedplain0dsp.vhd;183;0;9.902ns;0.007494518186514;0
lp2x2_dw12_cw06_truncatedshiftandadd.vhd;154;0;9.927ns;0.007494518186514;9
lp2x2_dw12_cw07_shiftandadd.vhd;118;0;8.801ns;0;7
lp2x2_dw12_cw07_truncatedplain.vhd;81;4;11.540ns;0.007494518186514;0
lp2x2_dw12_cw07_truncatedplain0dsp.vhd;198;0;9.592ns;0.007494518186514;0
lp2x2_dw12_cw07_truncatedshiftandadd.vhd;155;0;9.461ns;0.007494518186514;9
lp2x2_dw12_cw08_shiftandadd.vhd;118;0;8.683ns;0;7
lp2x2_dw12_cw08_truncatedplain.vhd;85;4;11.433ns;0.001744186046512;0
lp2x2_dw12_cw08_truncatedplain0dsp.vhd;259;0;10.198ns;0.001744186046512;0
lp2x2_dw12_cw08_truncatedshiftandadd.vhd;217;0;10.557ns;0.001744186046512;11
lp2x2_dw12_cw09_shiftandadd.vhd;111;0;7.355ns;0;7
lp2x2_dw12_cw09_truncatedplain.vhd;89;4;11.237ns;0.001744186046512;0
lp2x2_dw12_cw09_truncatedplain0dsp.vhd;331;0;10.493ns;0.001744186046512;0
lp2x2_dw12_cw09_truncatedshiftandadd.vhd;213;0;10.400ns;0.001744186046512;11
lp2x2_dw12_cw10_shiftandadd.vhd;110;0;7.701ns;0;7
lp2x2_dw12_cw10_truncatedplain.vhd;93;4;11.608ns;0;0
lp2x2_dw12_cw10_truncatedplain0dsp.vhd;332;0;11.857ns;0;0
lp2x2_dw12_cw10_truncatedshiftandadd.vhd;230;0;10.217ns;0;12
lp2x2_dw16_cw00_fixiir.vhd;487;0;11.187ns;5E-16;0
lp2x2_dw16_cw04_truncatedplain.vhd;168;0;9.247ns;0.02629671411118;0
lp2x2_dw16_cw04_truncatedplain0dsp.vhd;168;0;9.247ns;0.02629671411118;0
lp2x2_dw16_cw04_truncatedshiftandadd.vhd;142;0;8.465ns;0.02629671411118;7
lp2x2_dw16_cw05_shiftandadd.vhd;146;0;8.632ns;0;7
lp2x2_dw16_cw05_truncatedplain.vhd;185;0;9.880ns;0.036363636363636;0
lp2x2_dw16_cw05_truncatedplain0dsp.vhd;185;0;9.880ns;0.036363636363636;0
lp2x2_dw16_cw05_truncatedshiftandadd.vhd;167;0;9.525ns;0.036363636363636;8
lp2x2_dw16_cw06_shiftandadd.vhd;144;0;8.431ns;0;7
lp2x2_dw16_cw06_truncatedplain.vhd;134;3;11.456ns;0.007494518186514;0
lp2x2_dw16_cw06_truncatedplain0dsp.vhd;227;0;10.126ns;0.007494518186514;0
lp2x2_dw16_cw06_truncatedshiftandadd.vhd;190;0;10.356ns;0.007494518186514;9
lp2x2_dw16_cw07_shiftandadd.vhd;146;0;8.632ns;0;7
lp2x2_dw16_cw07_truncatedplain.vhd;97;4;11.391ns;0.007494518186514;0
lp2x2_dw16_cw07_truncatedplain0dsp.vhd;246;0;10.089ns;0.007494518186514;0
lp2x2_dw16_cw07_truncatedshiftandadd.vhd;191;0;9.619ns;0.007494518186514;9
lp2x2_dw16_cw08_shiftandadd.vhd;146;0;9.089ns;0;7
lp2x2_dw16_cw08_truncatedplain.vhd;101;4;11.675ns;0.001744186046512;0
lp2x2_dw16_cw08_truncatedplain0dsp.vhd;315;0;10.580ns;0.001744186046512;0
lp2x2_dw16_cw08_truncatedshiftandadd.vhd;265;0;11.095ns;0.001744186046512;11
lp2x2_dw16_cw09_shiftandadd.vhd;139;0;7.617ns;0;7
lp2x2_dw16_cw09_truncatedplain.vhd;105;4;11.425ns;0.001744186046512;0
lp2x2_dw16_cw09_truncatedplain0dsp.vhd;412;0;11.850ns;0.001744186046512;0
lp2x2_dw16_cw09_truncatedshiftandadd.vhd;261;0;11.417ns;0.001744186046512;11
lp2x2_dw16_cw10_shiftandadd.vhd;138;0;7.617ns;0;7
lp2x2_dw16_cw10_truncatedplain.vhd;109;4;11.853ns;0;0
lp2x2_dw16_cw10_truncatedplain0dsp.vhd;412;0;11.922ns;0;0
lp2x2_dw16_cw10_truncatedshiftandadd.vhd;278;0;10.436ns;0;12
lp2x3_dw08_cw00_fixiir.vhd;209;0;9.333ns;2.46E-15;0
lp2x3_dw08_cw04_truncatedplain.vhd;109;0;8.698ns;0.021476714111182;0
lp2x3_dw08_cw04_truncatedplain0dsp.vhd;109;0;8.698ns;0.021476714111182;0
lp2x3_dw08_cw04_truncatedshiftandadd.vhd;91;0;8.119ns;0.021476714111182;7
lp2x3_dw08_cw05_truncatedplain.vhd;115;0;9.054ns;0.031543636363638;0
lp2x3_dw08_cw05_truncatedplain0dsp.vhd;115;0;9.054ns;0.031543636363638;0
lp2x3_dw08_cw05_truncatedshiftandadd.vhd;108;0;9.028ns;0.031543636363638;8
lp2x3_dw08_cw06_shiftandadd.vhd;112;0;8.442ns;0;8
lp2x3_dw08_cw06_truncatedplain.vhd;132;1;9.381ns;0.034797759044721;0
lp2x3_dw08_cw06_truncatedplain0dsp.vhd;145;0;9.467ns;0.034797759044721;0
lp2x3_dw08_cw06_truncatedshiftandadd.vhd;126;0;9.114ns;0.034797759044721;9
lp2x3_dw08_cw07_shiftandadd.vhd;104;0;8.076ns;0;8
lp2x3_dw08_cw07_truncatedplain.vhd;127;2;10.165ns;0.005645116279072;0
lp2x3_dw08_cw07_truncatedplain0dsp.vhd;172;0;9.298ns;0.005645116279072;0
lp2x3_dw08_cw07_truncatedshiftandadd.vhd;134;0;9.835ns;0.005645116279072;9
lp2x3_dw08_cw08_shiftandadd.vhd;110;0;8.405ns;0;8
lp2x3_dw08_cw08_truncatedplain.vhd;137;2;10.197ns;0.001062352941178;0
lp2x3_dw08_cw08_truncatedplain0dsp.vhd;187;0;9.649ns;0.001062352941178;0
lp2x3_dw08_cw08_truncatedshiftandadd.vhd;148;0;9.481ns;0.001062352941178;10
lp2x3_dw08_cw09_shiftandadd.vhd;110;0;8.173ns;0;8
lp2x3_dw08_cw09_truncatedplain.vhd;162;2;10.407ns;0.000466738351256;0
lp2x3_dw08_cw09_truncatedplain0dsp.vhd;218;0;10.715ns;0.000466738351256;0
lp2x3_dw08_cw09_truncatedshiftandadd.vhd;166;0;10.374ns;0.000466738351256;11
lp2x3_dw08_cw10_shiftandadd.vhd;112;0;8.442ns;0;8
lp2x3_dw08_cw10_truncatedplain.vhd;164;2;11.104ns;0.000327058823531;0
lp2x3_dw08_cw10_truncatedplain0dsp.vhd;226;0;11.544ns;0.000327058823531;0
lp2x3_dw08_cw10_truncatedshiftandadd.vhd;177;0;11.099ns;0.000327058823531;11
lp2x3_dw12_cw00_fixiir.vhd;359;0;10.467ns;2.46E-15;0
lp2x3_dw12_cw04_truncatedplain.vhd;136;0;8.985ns;0.021476714111182;0
lp2x3_dw12_cw04_truncatedplain0dsp.vhd;136;0;8.985ns;0.021476714111182;0
lp2x3_dw12_cw04_truncatedshiftandadd.vhd;114;0;8.410ns;0.021476714111182;7
lp2x3_dw12_cw05_truncatedplain.vhd;149;0;8.886ns;0.031543636363638;0
lp2x3_dw12_cw05_truncatedplain0dsp.vhd;149;0;8.886ns;0.031543636363638;0
lp2x3_dw12_cw05_truncatedshiftandadd.vhd;135;0;9.498ns;0.031543636363638;8
lp2x3_dw12_cw06_shiftandadd.vhd;139;0;8.409ns;0;8
lp2x3_dw12_cw06_truncatedplain.vhd;110;3;11.057ns;0.034797759044721;0
lp2x3_dw12_cw06_truncatedplain0dsp.vhd;191;0;9.845ns;0.034797759044721;0
lp2x3_dw12_cw06_truncatedshiftandadd.vhd;157;0;9.093ns;0.034797759044721;9
lp2x3_dw12_cw07_shiftandadd.vhd;131;0;8.362ns;0;8
lp2x3_dw12_cw07_truncatedplain.vhd;81;4;11.540ns;0.005645116279072;0
lp2x3_dw12_cw07_truncatedplain0dsp.vhd;222;0;9.468ns;0.005645116279072;0
lp2x3_dw12_cw07_truncatedshiftandadd.vhd;165;0;9.992ns;0.005645116279072;9
lp2x3_dw12_cw08_shiftandadd.vhd;137;0;8.515ns;0;8
lp2x3_dw12_cw08_truncatedplain.vhd;85;4;11.433ns;0.001062352941178;0
lp2x3_dw12_cw08_truncatedplain0dsp.vhd;222;0;11.257ns;0.001062352941178;0
lp2x3_dw12_cw08_truncatedshiftandadd.vhd;183;0;10.107ns;0.001062352941178;10
lp2x3_dw12_cw09_shiftandadd.vhd;137;0;8.406ns;0;8
lp2x3_dw12_cw09_truncatedplain.vhd;89;4;11.237ns;0.000466738351256;0
lp2x3_dw12_cw09_truncatedplain0dsp.vhd;297;0;10.915ns;0.000466738351256;0
lp2x3_dw12_cw09_truncatedshiftandadd.vhd;205;0;10.626ns;0.000466738351256;11
lp2x3_dw12_cw10_shiftandadd.vhd;139;0;8.409ns;0;8
lp2x3_dw12_cw10_truncatedplain.vhd;93;4;11.608ns;0.000327058823531;0
lp2x3_dw12_cw10_truncatedplain0dsp.vhd;281;0;11.197ns;0.000327058823531;0
lp2x3_dw12_cw10_truncatedshiftandadd.vhd;216;0;10.195ns;0.000327058823531;11
lp2x3_dw16_cw00_fixiir.vhd;490;0;10.838ns;2.46E-15;0
lp2x3_dw16_cw04_truncatedplain.vhd;168;0;9.247ns;0.021476714111182;0
lp2x3_dw16_cw04_truncatedplain0dsp.vhd;168;0;9.247ns;0.021476714111182;0
lp2x3_dw16_cw04_truncatedshiftandadd.vhd;142;0;8.465ns;0.021476714111182;7
lp2x3_dw16_cw05_truncatedplain.vhd;185;0;9.880ns;0.031543636363638;0
lp2x3_dw16_cw05_truncatedplain0dsp.vhd;185;0;9.880ns;0.031543636363638;0
lp2x3_dw16_cw05_truncatedshiftandadd.vhd;167;0;9.525ns;0.031543636363638;8
lp2x3_dw16_cw06_shiftandadd.vhd;171;0;8.763ns;0;8
lp2x3_dw16_cw06_truncatedplain.vhd;134;3;11.456ns;0.034797759044721;0
lp2x3_dw16_cw06_truncatedplain0dsp.vhd;239;0;9.962ns;0.034797759044721;0
lp2x3_dw16_cw06_truncatedshiftandadd.vhd;193;0;9.605ns;0.034797759044721;9
lp2x3_dw16_cw07_shiftandadd.vhd;163;0;8.924ns;0;8
lp2x3_dw16_cw07_truncatedplain.vhd;97;4;11.391ns;0.005645116279072;0
lp2x3_dw16_cw07_truncatedplain0dsp.vhd;278;0;9.947ns;0.005645116279072;0
lp2x3_dw16_cw07_truncatedshiftandadd.vhd;201;0;10.837ns;0.005645116279072;9
lp2x3_dw16_cw08_shiftandadd.vhd;169;0;8.923ns;0;8
lp2x3_dw16_cw08_truncatedplain.vhd;101;4;11.675ns;0.001062352941178;0
lp2x3_dw16_cw08_truncatedplain0dsp.vhd;270;0;11.412ns;0.001062352941178;0
lp2x3_dw16_cw08_truncatedshiftandadd.vhd;223;0;9.523ns;0.001062352941178;10
lp2x3_dw16_cw09_shiftandadd.vhd;169;0;8.914ns;0;8
lp2x3_dw16_cw09_truncatedplain.vhd;105;4;11.425ns;0.000466738351256;0
lp2x3_dw16_cw09_truncatedplain0dsp.vhd;369;0;10.864ns;0.000466738351256;0
lp2x3_dw16_cw09_truncatedshiftandadd.vhd;249;0;11.341ns;0.000466738351256;11
lp2x3_dw16_cw10_shiftandadd.vhd;171;0;8.763ns;0;8
lp2x3_dw16_cw10_truncatedplain.vhd;109;4;11.853ns;0.000327058823531;0
lp2x3_dw16_cw10_truncatedplain0dsp.vhd;346;0;11.304ns;0.000327058823531;0
lp2x3_dw16_cw10_truncatedshiftandadd.vhd;260;0;10.797ns;0.000327058823531;11
lp3x0_dw08_cw00_fixiir.vhd;209;0;9.765ns;5E-16;0
lp3x0_dw08_cw04_shiftandadd.vhd;61;0;7.367ns;0;5
lp3x0_dw08_cw04_truncatedplain.vhd;109;0;8.698ns;0.02629671411118;0
lp3x0_dw08_cw04_truncatedplain0dsp.vhd;109;0;8.698ns;0.02629671411118;0
lp3x0_dw08_cw04_truncatedshiftandadd.vhd;91;0;8.119ns;0.02629671411118;7
lp3x0_dw08_cw05_shiftandadd.vhd;64;0;7.125ns;0;5
lp3x0_dw08_cw05_truncatedplain.vhd;115;0;9.054ns;0.036363636363636;0
lp3x0_dw08_cw05_truncatedplain0dsp.vhd;115;0;9.054ns;0.036363636363636;0
lp3x0_dw08_cw05_truncatedshiftandadd.vhd;108;0;9.028ns;0.036363636363636;8
lp3x0_dw08_cw06_shiftandadd.vhd;64;0;7.125ns;0;5
lp3x0_dw08_cw06_truncatedplain.vhd;125;1;9.420ns;0.007494518186514;0
lp3x0_dw08_cw06_truncatedplain0dsp.vhd;138;0;9.469ns;0.007494518186514;0
lp3x0_dw08_cw06_truncatedshiftandadd.vhd;123;0;9.459ns;0.007494518186514;9
lp3x0_dw08_cw07_shiftandadd.vhd;64;0;7.125ns;0;5
lp3x0_dw08_cw07_truncatedplain.vhd;104;2;9.534ns;0.007494518186514;0
lp3x0_dw08_cw07_truncatedplain0dsp.vhd;151;0;9.043ns;0.007494518186514;0
lp3x0_dw08_cw07_truncatedshiftandadd.vhd;124;0;9.063ns;0.007494518186514;9
lp3x0_dw08_cw08_shiftandadd.vhd;63;0;7.657ns;0;5
lp3x0_dw08_cw08_truncatedplain.vhd;130;2;9.559ns;0.001744186046512;0
lp3x0_dw08_cw08_truncatedplain0dsp.vhd;219;0;9.180ns;0.001744186046512;0
lp3x0_dw08_cw08_truncatedshiftandadd.vhd;174;0;10.181ns;0.001744186046512;11
lp3x0_dw08_cw09_shiftandadd.vhd;64;0;7.125ns;0;5
lp3x0_dw08_cw09_truncatedplain.vhd;133;2;9.818ns;0.001744186046512;0
lp3x0_dw08_cw09_truncatedplain0dsp.vhd;250;0;9.710ns;0.001744186046512;0
lp3x0_dw08_cw09_truncatedshiftandadd.vhd;170;0;10.796ns;0.001744186046512;11
lp3x0_dw08_cw10_shiftandadd.vhd;64;0;7.125ns;0;5
lp3x0_dw08_cw10_truncatedplain.vhd;148;2;11.374ns;0;0
lp3x0_dw08_cw10_truncatedplain0dsp.vhd;262;0;10.993ns;0;0
lp3x0_dw08_cw10_truncatedshiftandadd.vhd;187;0;10.171ns;0;12
lp3x0_dw12_cw00_fixiir.vhd;348;0;10.905ns;5E-16;0
lp3x0_dw12_cw04_shiftandadd.vhd;76;0;7.665ns;0;5
lp3x0_dw12_cw04_truncatedplain.vhd;136;0;8.985ns;0.02629671411118;0
lp3x0_dw12_cw04_truncatedplain0dsp.vhd;136;0;8.985ns;0.02629671411118;0
lp3x0_dw12_cw04_truncatedshiftandadd.vhd;114;0;8.410ns;0.02629671411118;7
lp3x0_dw12_cw05_shiftandadd.vhd;79;0;7.492ns;0;5
lp3x0_dw12_cw05_truncatedplain.vhd;149;0;8.886ns;0.036363636363636;0
lp3x0_dw12_cw05_truncatedplain0dsp.vhd;149;0;8.886ns;0.036363636363636;0
lp3x0_dw12_cw05_truncatedshiftandadd.vhd;135;0;9.498ns;0.036363636363636;8
lp3x0_dw12_cw06_shiftandadd.vhd;79;0;7.492ns;0;5
lp3x0_dw12_cw06_truncatedplain.vhd;110;3;11.057ns;0.007494518186514;0
lp3x0_dw12_cw06_truncatedplain0dsp.vhd;183;0;9.902ns;0.007494518186514;0
lp3x0_dw12_cw06_truncatedshiftandadd.vhd;154;0;9.927ns;0.007494518186514;9
lp3x0_dw12_cw07_shiftandadd.vhd;79;0;7.492ns;0;5
lp3x0_dw12_cw07_truncatedplain.vhd;81;4;11.540ns;0.007494518186514;0
lp3x0_dw12_cw07_truncatedplain0dsp.vhd;198;0;9.592ns;0.007494518186514;0
lp3x0_dw12_cw07_truncatedshiftandadd.vhd;155;0;9.461ns;0.007494518186514;9
lp3x0_dw12_cw08_shiftandadd.vhd;78;0;7.497ns;0;5
lp3x0_dw12_cw08_truncatedplain.vhd;85;4;11.433ns;0.001744186046512;0
lp3x0_dw12_cw08_truncatedplain0dsp.vhd;259;0;10.198ns;0.001744186046512;0
lp3x0_dw12_cw08_truncatedshiftandadd.vhd;217;0;10.557ns;0.001744186046512;11
lp3x0_dw12_cw09_shiftandadd.vhd;79;0;7.492ns;0;5
lp3x0_dw12_cw09_truncatedplain.vhd;89;4;11.237ns;0.001744186046512;0
lp3x0_dw12_cw09_truncatedplain0dsp.vhd;331;0;10.493ns;0.001744186046512;0
lp3x0_dw12_cw09_truncatedshiftandadd.vhd;213;0;10.400ns;0.001744186046512;11
lp3x0_dw12_cw10_shiftandadd.vhd;79;0;7.492ns;0;5
lp3x0_dw12_cw10_truncatedplain.vhd;93;4;11.608ns;0;0
lp3x0_dw12_cw10_truncatedplain0dsp.vhd;332;0;11.857ns;0;0
lp3x0_dw12_cw10_truncatedshiftandadd.vhd;230;0;10.217ns;0;12
lp3x0_dw16_cw00_fixiir.vhd;487;0;11.187ns;5E-16;0
lp3x0_dw16_cw04_shiftandadd.vhd;96;0;7.446ns;0;5
lp3x0_dw16_cw04_truncatedplain.vhd;168;0;9.247ns;0.02629671411118;0
lp3x0_dw16_cw04_truncatedplain0dsp.vhd;168;0;9.247ns;0.02629671411118;0
lp3x0_dw16_cw04_truncatedshiftandadd.vhd;142;0;8.465ns;0.02629671411118;7
lp3x0_dw16_cw05_shiftandadd.vhd;99;0;7.576ns;0;5
lp3x0_dw16_cw05_truncatedplain.vhd;185;0;9.880ns;0.036363636363636;0
lp3x0_dw16_cw05_truncatedplain0dsp.vhd;185;0;9.880ns;0.036363636363636;0
lp3x0_dw16_cw05_truncatedshiftandadd.vhd;167;0;9.525ns;0.036363636363636;8
lp3x0_dw16_cw06_shiftandadd.vhd;99;0;7.576ns;0;5
lp3x0_dw16_cw06_truncatedplain.vhd;134;3;11.456ns;0.007494518186514;0
lp3x0_dw16_cw06_truncatedplain0dsp.vhd;227;0;10.126ns;0.007494518186514;0
lp3x0_dw16_cw06_truncatedshiftandadd.vhd;190;0;10.356ns;0.007494518186514;9
lp3x0_dw16_cw07_shiftandadd.vhd;99;0;7.576ns;0;5
lp3x0_dw16_cw07_truncatedplain.vhd;97;4;11.391ns;0.007494518186514;0
lp3x0_dw16_cw07_truncatedplain0dsp.vhd;246;0;10.089ns;0.007494518186514;0
lp3x0_dw16_cw07_truncatedshiftandadd.vhd;191;0;9.619ns;0.007494518186514;9
lp3x0_dw16_cw08_shiftandadd.vhd;98;0;7.452ns;0;5
lp3x0_dw16_cw08_truncatedplain.vhd;101;4;11.675ns;0.001744186046512;0
lp3x0_dw16_cw08_truncatedplain0dsp.vhd;315;0;10.580ns;0.001744186046512;0
lp3x0_dw16_cw08_truncatedshiftandadd.vhd;265;0;11.095ns;0.001744186046512;11
lp3x0_dw16_cw09_shiftandadd.vhd;99;0;7.576ns;0;5
lp3x0_dw16_cw09_truncatedplain.vhd;105;4;11.425ns;0.001744186046512;0
lp3x0_dw16_cw09_truncatedplain0dsp.vhd;412;0;11.850ns;0.001744186046512;0
lp3x0_dw16_cw09_truncatedshiftandadd.vhd;261;0;11.417ns;0.001744186046512;11
lp3x0_dw16_cw10_shiftandadd.vhd;99;0;7.576ns;0;5
lp3x0_dw16_cw10_truncatedplain.vhd;109;4;11.853ns;0;0
lp3x0_dw16_cw10_truncatedplain0dsp.vhd;412;0;11.922ns;0;0
lp3x0_dw16_cw10_truncatedshiftandadd.vhd;278;0;10.436ns;0;12
lp3x1_dw08_cw00_fixiir.vhd;207;0;10.209ns;5E-16;0
lp3x1_dw08_cw04_shiftandadd.vhd;76;0;7.729ns;0;6
lp3x1_dw08_cw04_truncatedplain.vhd;73;0;7.243ns;0;0
lp3x1_dw08_cw04_truncatedplain0dsp.vhd;73;0;7.243ns;0;0
lp3x1_dw08_cw04_truncatedshiftandadd.vhd;75;0;7.254ns;0;6
lp3x1_dw08_cw05_shiftandadd.vhd;74;0;7.147ns;0;6
lp3x1_dw08_cw05_truncatedplain.vhd;75;0;7.236ns;0.016666666666667;0
lp3x1_dw08_cw05_truncatedplain0dsp.vhd;75;0;7.236ns;0.016666666666667;0
lp3x1_dw08_cw05_truncatedshiftandadd.vhd;75;0;7.551ns;0.016666666666667;6
lp3x1_dw08_cw06_shiftandadd.vhd;74;0;7.018ns;0;6
lp3x1_dw08_cw06_truncatedplain.vhd;121;1;9.492ns;0;0
lp3x1_dw08_cw06_truncatedplain0dsp.vhd;145;0;9.093ns;0;0
lp3x1_dw08_cw06_truncatedshiftandadd.vhd;112;0;8.320ns;0;8
lp3x1_dw08_cw07_shiftandadd.vhd;74;0;7.018ns;0;6
lp3x1_dw08_cw07_truncatedplain.vhd;117;2;9.944ns;0.003305785123967;0
lp3x1_dw08_cw07_truncatedplain0dsp.vhd;144;0;9.563ns;0.003305785123967;0
lp3x1_dw08_cw07_truncatedshiftandadd.vhd;126;0;9.045ns;0.003305785123967;9
lp3x1_dw08_cw08_shiftandadd.vhd;76;0;7.316ns;0;6
lp3x1_dw08_cw08_truncatedplain.vhd;124;2;9.683ns;0.00686794530894;0
lp3x1_dw08_cw08_truncatedplain0dsp.vhd;162;0;9.445ns;0.00686794530894;0
lp3x1_dw08_cw08_truncatedshiftandadd.vhd;131;0;9.172ns;0.00686794530894;9
lp3x1_dw08_cw09_shiftandadd.vhd;76;0;7.729ns;0;6
lp3x1_dw08_cw09_truncatedplain.vhd;138;2;10.356ns;0.000616016427105;0
lp3x1_dw08_cw09_truncatedplain0dsp.vhd;227;0;10.748ns;0.000616016427105;0
lp3x1_dw08_cw09_truncatedshiftandadd.vhd;145;0;10.197ns;0.000616016427105;10
lp3x1_dw08_cw10_shiftandadd.vhd;73;0;7.018ns;0;6
lp3x1_dw08_cw10_truncatedplain.vhd;150;2;10.503ns;0.000616016427105;0
lp3x1_dw08_cw10_truncatedplain0dsp.vhd;249;0;10.642ns;0.000616016427105;0
lp3x1_dw08_cw10_truncatedshiftandadd.vhd;145;0;8.969ns;0.000616016427105;10
lp3x1_dw12_cw00_fixiir.vhd;344;0;10.687ns;5E-16;0
lp3x1_dw12_cw04_shiftandadd.vhd;95;0;7.357ns;0;6
lp3x1_dw12_cw04_truncatedplain.vhd;92;0;7.377ns;0;0
lp3x1_dw12_cw04_truncatedplain0dsp.vhd;92;0;7.377ns;0;0
lp3x1_dw12_cw04_truncatedshiftandadd.vhd;94;0;7.437ns;0;6
lp3x1_dw12_cw05_shiftandadd.vhd;93;0;7.646ns;0;6
lp3x1_dw12_cw05_truncatedplain.vhd;94;0;7.556ns;0.016666666666667;0
lp3x1_dw12_cw05_truncatedplain0dsp.vhd;94;0;7.556ns;0.016666666666667;0
lp3x1_dw12_cw05_truncatedshiftandadd.vhd;94;0;7.505ns;0.016666666666667;6
lp3x1_dw12_cw06_shiftandadd.vhd;93;0;7.268ns;0;6
lp3x1_dw12_cw06_truncatedplain.vhd;121;2;9.489ns;0;0
lp3x1_dw12_cw06_truncatedplain0dsp.vhd;189;0;9.393ns;0;0
lp3x1_dw12_cw06_truncatedshiftandadd.vhd;139;0;8.708ns;0;8
lp3x1_dw12_cw07_shiftandadd.vhd;93;0;7.268ns;0;6
lp3x1_dw12_cw07_truncatedplain.vhd;80;4;11.308ns;0.003305785123967;0
lp3x1_dw12_cw07_truncatedplain0dsp.vhd;185;0;9.764ns;0.003305785123967;0
lp3x1_dw12_cw07_truncatedshiftandadd.vhd;157;0;9.081ns;0.003305785123967;9
lp3x1_dw12_cw08_shiftandadd.vhd;95;0;7.530ns;0;6
lp3x1_dw12_cw08_truncatedplain.vhd;84;4;11.358ns;0.00686794530894;0
lp3x1_dw12_cw08_truncatedplain0dsp.vhd;193;0;9.904ns;0.00686794530894;0
lp3x1_dw12_cw08_truncatedshiftandadd.vhd;162;0;9.645ns;0.00686794530894;9
lp3x1_dw12_cw09_shiftandadd.vhd;95;0;7.357ns;0;6
lp3x1_dw12_cw09_truncatedplain.vhd;88;4;11.727ns;0.000616016427105;0
lp3x1_dw12_cw09_truncatedplain0dsp.vhd;299;0;10.817ns;0.000616016427105;0
lp3x1_dw12_cw09_truncatedshiftandadd.vhd;180;0;10.249ns;0.000616016427105;10
lp3x1_dw12_cw10_shiftandadd.vhd;92;0;7.357ns;0;6
lp3x1_dw12_cw10_truncatedplain.vhd;92;4;11.355ns;0.000616016427105;0
lp3x1_dw12_cw10_truncatedplain0dsp.vhd;320;0;10.821ns;0.000616016427105;0
lp3x1_dw12_cw10_truncatedshiftandadd.vhd;180;0;9.685ns;0.000616016427105;10
lp3x1_dw16_cw00_fixiir.vhd;477;0;10.523ns;5E-16;0
lp3x1_dw16_cw04_shiftandadd.vhd;119;0;7.612ns;0;6
lp3x1_dw16_cw04_truncatedplain.vhd;116;0;7.535ns;0;0
lp3x1_dw16_cw04_truncatedplain0dsp.vhd;116;0;7.535ns;0;0
lp3x1_dw16_cw04_truncatedshiftandadd.vhd;118;0;7.673ns;0;6
lp3x1_dw16_cw05_shiftandadd.vhd;117;0;7.640ns;0;6
lp3x1_dw16_cw05_truncatedplain.vhd;118;0;7.554ns;0.016666666666667;0
lp3x1_dw16_cw05_truncatedplain0dsp.vhd;118;0;7.554ns;0.016666666666667;0
lp3x1_dw16_cw05_truncatedshiftandadd.vhd;118;0;7.611ns;0.016666666666667;6
lp3x1_dw16_cw06_shiftandadd.vhd;117;0;7.474ns;0;6
lp3x1_dw16_cw06_truncatedplain.vhd;149;2;9.668ns;0;0
lp3x1_dw16_cw06_truncatedplain0dsp.vhd;237;0;9.740ns;0;0
lp3x1_dw16_cw06_truncatedshiftandadd.vhd;171;0;8.453ns;0;8
lp3x1_dw16_cw07_shiftandadd.vhd;117;0;7.474ns;0;6
lp3x1_dw16_cw07_truncatedplain.vhd;96;4;11.850ns;0.003305785123967;0
lp3x1_dw16_cw07_truncatedplain0dsp.vhd;229;0;9.723ns;0.003305785123967;0
lp3x1_dw16_cw07_truncatedshiftandadd.vhd;193;0;9.390ns;0.003305785123967;9
lp3x1_dw16_cw08_shiftandadd.vhd;119;0;7.503ns;0;6
lp3x1_dw16_cw08_truncatedplain.vhd;100;4;11.854ns;0.00686794530894;0
lp3x1_dw16_cw08_truncatedplain0dsp.vhd;237;0;10.127ns;0.00686794530894;0
lp3x1_dw16_cw08_truncatedshiftandadd.vhd;198;0;9.469ns;0.00686794530894;9
lp3x1_dw16_cw09_shiftandadd.vhd;119;0;7.612ns;0;6
lp3x1_dw16_cw09_truncatedplain.vhd;104;4;11.766ns;0.000616016427105;0
lp3x1_dw16_cw09_truncatedplain0dsp.vhd;371;0;10.573ns;0.000616016427105;0
lp3x1_dw16_cw09_truncatedshiftandadd.vhd;220;0;10.973ns;0.000616016427105;10
lp3x1_dw16_cw10_shiftandadd.vhd;116;0;7.829ns;0;6
lp3x1_dw16_cw10_truncatedplain.vhd;108;4;11.528ns;0.000616016427105;0
lp3x1_dw16_cw10_truncatedplain0dsp.vhd;398;0;10.951ns;0.000616016427105;0
lp3x1_dw16_cw10_truncatedshiftandadd.vhd;220;0;9.678ns;0.000616016427105;10
lp3x2_dw08_cw00_fixiir.vhd;196;0;9.846ns;5.13E-16;0
lp3x2_dw08_cw04_shiftandadd.vhd;85;0;8.268ns;0;7
lp3x2_dw08_cw04_truncatedplain.vhd;87;0;6.928ns;0.076470588235294;0
lp3x2_dw08_cw04_truncatedplain0dsp.vhd;87;0;6.928ns;0.076470588235294;0
lp3x2_dw08_cw04_truncatedshiftandadd.vhd;86;0;7.194ns;0.076470588235294;7
lp3x2_dw08_cw05_shiftandadd.vhd;86;0;8.273ns;0;7
lp3x2_dw08_cw05_truncatedplain.vhd;111;0;8.305ns;0.03228463218155;0
lp3x2_dw08_cw05_truncatedplain0dsp.vhd;111;0;8.305ns;0.03228463218155;0
lp3x2_dw08_cw05_truncatedshiftandadd.vhd;101;0;8.401ns;0.03228463218155;8
lp3x2_dw08_cw06_shiftandadd.vhd;85;0;8.268ns;0;7
lp3x2_dw08_cw06_truncatedplain.vhd;97;2;8.868ns;0.002803738317757;0
lp3x2_dw08_cw06_truncatedplain0dsp.vhd;137;0;8.158ns;0.002803738317757;0
lp3x2_dw08_cw06_truncatedshiftandadd.vhd;120;0;8.512ns;0.002803738317757;9
lp3x2_dw08_cw07_shiftandadd.vhd;86;0;8.273ns;0;7
lp3x2_dw08_cw07_truncatedplain.vhd;93;2;9.067ns;0.003286384976526;0
lp3x2_dw08_cw07_truncatedplain0dsp.vhd;136;0;8.276ns;0.003286384976526;0
lp3x2_dw08_cw07_truncatedshiftandadd.vhd;120;0;8.183ns;0.003286384976526;9
lp3x2_dw08_cw08_shiftandadd.vhd;86;0;8.273ns;0;7
lp3x2_dw08_cw08_truncatedplain.vhd;112;2;9.751ns;0.000371747211896;0
lp3x2_dw08_cw08_truncatedplain0dsp.vhd;187;0;9.392ns;0.000371747211896;0
lp3x2_dw08_cw08_truncatedshiftandadd.vhd;162;0;9.416ns;0.000371747211896;11
lp3x2_dw08_cw09_shiftandadd.vhd;86;0;8.273ns;0;7
lp3x2_dw08_cw09_truncatedplain.vhd;137;2;10.376ns;0.001193948500903;0
lp3x2_dw08_cw09_truncatedplain0dsp.vhd;231;0;10.307ns;0.001193948500903;0
lp3x2_dw08_cw09_truncatedshiftandadd.vhd;174;0;9.552ns;0.001193948500903;11
lp3x2_dw08_cw10_shiftandadd.vhd;86;0;8.273ns;0;7
lp3x2_dw08_cw10_truncatedplain.vhd;144;2;10.671ns;0.00046511627907;0
lp3x2_dw08_cw10_truncatedplain0dsp.vhd;203;0;9.519ns;0.00046511627907;0
lp3x2_dw08_cw10_truncatedshiftandadd.vhd;176;0;9.428ns;0.00046511627907;12
lp3x2_dw12_cw00_fixiir.vhd;291;0;9.746ns;5.13E-16;0
lp3x2_dw12_cw04_shiftandadd.vhd;108;0;8.667ns;0;7
lp3x2_dw12_cw04_truncatedplain.vhd;113;0;7.460ns;0.076470588235294;0
lp3x2_dw12_cw04_truncatedplain0dsp.vhd;113;0;7.460ns;0.076470588235294;0
lp3x2_dw12_cw04_truncatedshiftandadd.vhd;109;0;7.618ns;0.076470588235294;7
lp3x2_dw12_cw05_shiftandadd.vhd;109;0;8.214ns;0;7
lp3x2_dw12_cw05_truncatedplain.vhd;147;0;8.406ns;0.03228463218155;0
lp3x2_dw12_cw05_truncatedplain0dsp.vhd;147;0;8.406ns;0.03228463218155;0
lp3x2_dw12_cw05_truncatedshiftandadd.vhd;128;0;8.318ns;0.03228463218155;8
lp3x2_dw12_cw06_shiftandadd.vhd;108;0;8.667ns;0;7
lp3x2_dw12_cw06_truncatedplain.vhd;75;4;11.193ns;0.002803738317757;0
lp3x2_dw12_cw06_truncatedplain0dsp.vhd;187;0;9.328ns;0.002803738317757;0
lp3x2_dw12_cw06_truncatedshiftandadd.vhd;151;0;8.664ns;0.002803738317757;9
lp3x2_dw12_cw07_shiftandadd.vhd;109;0;8.214ns;0;7
lp3x2_dw12_cw07_truncatedplain.vhd;79;4;11.230ns;0.003286384976526;0
lp3x2_dw12_cw07_truncatedplain0dsp.vhd;197;0;9.545ns;0.003286384976526;0
lp3x2_dw12_cw07_truncatedshiftandadd.vhd;151;0;8.522ns;0.003286384976526;9
lp3x2_dw12_cw08_shiftandadd.vhd;109;0;8.214ns;0;7
lp3x2_dw12_cw08_truncatedplain.vhd;83;4;11.283ns;0.000371747211896;0
lp3x2_dw12_cw08_truncatedplain0dsp.vhd;219;0;10.176ns;0.000371747211896;0
lp3x2_dw12_cw08_truncatedshiftandadd.vhd;201;0;9.551ns;0.000371747211896;11
lp3x2_dw12_cw09_shiftandadd.vhd;109;0;8.214ns;0;7
lp3x2_dw12_cw09_truncatedplain.vhd;87;4;11.328ns;0.001193948500903;0
lp3x2_dw12_cw09_truncatedplain0dsp.vhd;336;0;10.461ns;0.001193948500903;0
lp3x2_dw12_cw09_truncatedshiftandadd.vhd;213;0;9.446ns;0.001193948500903;11
lp3x2_dw12_cw10_shiftandadd.vhd;109;0;8.214ns;0;7
lp3x2_dw12_cw10_truncatedplain.vhd;91;4;11.208ns;0.00046511627907;0
lp3x2_dw12_cw10_truncatedplain0dsp.vhd;260;0;11.084ns;0.00046511627907;0
lp3x2_dw12_cw10_truncatedshiftandadd.vhd;219;0;9.740ns;0.00046511627907;12
lp3x2_dw16_cw00_fixiir.vhd;450;0;10.859ns;5.13E-16;0
lp3x2_dw16_cw04_shiftandadd.vhd;136;0;8.654ns;0;7
lp3x2_dw16_cw04_truncatedplain.vhd;141;0;7.880ns;0.076470588235294;0
lp3x2_dw16_cw04_truncatedplain0dsp.vhd;141;0;7.880ns;0.076470588235294;0
lp3x2_dw16_cw04_truncatedshiftandadd.vhd;137;0;7.643ns;0.076470588235294;7
lp3x2_dw16_cw05_shiftandadd.vhd;137;0;8.528ns;0;7
lp3x2_dw16_cw05_truncatedplain.vhd;183;0;8.793ns;0.03228463218155;0
lp3x2_dw16_cw05_truncatedplain0dsp.vhd;183;0;8.793ns;0.03228463218155;0
lp3x2_dw16_cw05_truncatedshiftandadd.vhd;160;0;8.890ns;0.03228463218155;8
lp3x2_dw16_cw06_shiftandadd.vhd;136;0;8.654ns;0;7
lp3x2_dw16_cw06_truncatedplain.vhd;91;4;12.069ns;0.002803738317757;0
lp3x2_dw16_cw06_truncatedplain0dsp.vhd;235;0;9.765ns;0.002803738317757;0
lp3x2_dw16_cw06_truncatedshiftandadd.vhd;187;0;8.380ns;0.002803738317757;9
lp3x2_dw16_cw07_shiftandadd.vhd;137;0;8.528ns;0;7
lp3x2_dw16_cw07_truncatedplain.vhd;95;4;11.652ns;0.003286384976526;0
lp3x2_dw16_cw07_truncatedplain0dsp.vhd;240;0;9.999ns;0.003286384976526;0
lp3x2_dw16_cw07_truncatedshiftandadd.vhd;187;0;8.822ns;0.003286384976526;9
lp3x2_dw16_cw08_shiftandadd.vhd;137;0;8.528ns;0;7
lp3x2_dw16_cw08_truncatedplain.vhd;99;4;11.698ns;0.000371747211896;0
lp3x2_dw16_cw08_truncatedplain0dsp.vhd;267;0;10.025ns;0.000371747211896;0
lp3x2_dw16_cw08_truncatedshiftandadd.vhd;245;0;9.487ns;0.000371747211896;11
lp3x2_dw16_cw09_shiftandadd.vhd;137;0;8.528ns;0;7
lp3x2_dw16_cw09_truncatedplain.vhd;103;4;11.404ns;0.001193948500903;0
lp3x2_dw16_cw09_truncatedplain0dsp.vhd;424;0;10.812ns;0.001193948500903;0
lp3x2_dw16_cw09_truncatedshiftandadd.vhd;257;0;10.048ns;0.001193948500903;11
lp3x2_dw16_cw10_shiftandadd.vhd;137;0;8.528ns;0;7
lp3x2_dw16_cw10_truncatedplain.vhd;107;4;11.433ns;0.00046511627907;0
lp3x2_dw16_cw10_truncatedplain0dsp.vhd;312;0;11.288ns;0.00046511627907;0
lp3x2_dw16_cw10_truncatedshiftandadd.vhd;267;0;10.303ns;0.00046511627907;12
lp3x3_dw08_cw00_fixiir.vhd;190;0;9.639ns;2.41E-15;0
lp3x3_dw08_cw04_truncatedplain.vhd;74;0;8.453ns;0.020180695566096;0
lp3x3_dw08_cw04_truncatedplain0dsp.vhd;74;0;8.453ns;0.020180695566096;0
lp3x3_dw08_cw04_truncatedshiftandadd.vhd;75;0;7.820ns;0.020180695566096;6
lp3x3_dw08_cw05_shiftandadd.vhd;91;0;8.138ns;0;7
lp3x3_dw08_cw05_truncatedplain.vhd;121;0;8.097ns;0.034873675779977;0
lp3x3_dw08_cw05_truncatedplain0dsp.vhd;121;0;8.097ns;0.034873675779977;0
lp3x3_dw08_cw05_truncatedshiftandadd.vhd;104;0;8.048ns;0.034873675779977;8
lp3x3_dw08_cw06_shiftandadd.vhd;91;0;8.138ns;0;7
lp3x3_dw08_cw06_truncatedplain.vhd;117;1;8.477ns;0.007680000000002;0
lp3x3_dw08_cw06_truncatedplain0dsp.vhd;138;0;8.428ns;0.007680000000002;0
lp3x3_dw08_cw06_truncatedshiftandadd.vhd;108;0;8.278ns;0.007680000000002;8
lp3x3_dw08_cw07_shiftandadd.vhd;92;0;7.855ns;0;7
lp3x3_dw08_cw07_truncatedplain.vhd;141;1;8.807ns;0.002706881720432;0
lp3x3_dw08_cw07_truncatedplain0dsp.vhd;179;0;9.435ns;0.002706881720432;0
lp3x3_dw08_cw07_truncatedshiftandadd.vhd;145;0;9.863ns;0.002706881720432;10
lp3x3_dw08_cw08_shiftandadd.vhd;91;0;8.138ns;0;7
lp3x3_dw08_cw08_truncatedplain.vhd;127;2;9.061ns;0.002494228024894;0
lp3x3_dw08_cw08_truncatedplain0dsp.vhd;201;0;9.288ns;0.002494228024894;0
lp3x3_dw08_cw08_truncatedshiftandadd.vhd;147;0;8.996ns;0.002494228024894;10
lp3x3_dw08_cw09_shiftandadd.vhd;91;0;8.138ns;0;7
lp3x3_dw08_cw09_truncatedplain.vhd;150;2;9.452ns;0.001596275430362;0
lp3x3_dw08_cw09_truncatedplain0dsp.vhd;221;0;9.225ns;0.001596275430362;0
lp3x3_dw08_cw09_truncatedshiftandadd.vhd;154;0;9.054ns;0.001596275430362;10
lp3x3_dw08_cw10_shiftandadd.vhd;91;0;8.138ns;0;7
lp3x3_dw08_cw10_truncatedplain.vhd;147;2;10.358ns;0.000739841139031;0
lp3x3_dw08_cw10_truncatedplain0dsp.vhd;226;0;10.298ns;0.000739841139031;0
lp3x3_dw08_cw10_truncatedshiftandadd.vhd;189;0;9.635ns;0.000739841139031;12
lp3x3_dw12_cw00_fixiir.vhd;294;0;10.282ns;2.41E-15;0
lp3x3_dw12_cw04_truncatedplain.vhd;96;0;9.028ns;0.020180695566096;0
lp3x3_dw12_cw04_truncatedplain0dsp.vhd;96;0;9.028ns;0.020180695566096;0
lp3x3_dw12_cw04_truncatedshiftandadd.vhd;94;0;8.469ns;0.020180695566096;6
lp3x3_dw12_cw05_shiftandadd.vhd;114;0;8.306ns;0;7
lp3x3_dw12_cw05_truncatedplain.vhd;158;0;8.826ns;0.034873675779977;0
lp3x3_dw12_cw05_truncatedplain0dsp.vhd;158;0;8.826ns;0.034873675779977;0
lp3x3_dw12_cw05_truncatedshiftandadd.vhd;131;0;8.437ns;0.034873675779977;8
lp3x3_dw12_cw06_shiftandadd.vhd;114;0;8.306ns;0;7
lp3x3_dw12_cw06_truncatedplain.vhd;93;3;11.063ns;0.007680000000002;0
lp3x3_dw12_cw06_truncatedplain0dsp.vhd;187;0;10.050ns;0.007680000000002;0
lp3x3_dw12_cw06_truncatedshiftandadd.vhd;135;0;8.501ns;0.007680000000002;8
lp3x3_dw12_cw07_shiftandadd.vhd;115;0;8.413ns;0;7
lp3x3_dw12_cw07_truncatedplain.vhd;110;3;11.546ns;0.002706881720432;0
lp3x3_dw12_cw07_truncatedplain0dsp.vhd;233;0;9.797ns;0.002706881720432;0
lp3x3_dw12_cw07_truncatedshiftandadd.vhd;180;0;10.151ns;0.002706881720432;10
lp3x3_dw12_cw08_shiftandadd.vhd;114;0;8.306ns;0;7
lp3x3_dw12_cw08_truncatedplain.vhd;83;4;11.455ns;0.002494228024894;0
lp3x3_dw12_cw08_truncatedplain0dsp.vhd;246;0;11.037ns;0.002494228024894;0
lp3x3_dw12_cw08_truncatedshiftandadd.vhd;182;0;9.323ns;0.002494228024894;10
lp3x3_dw12_cw09_shiftandadd.vhd;114;0;8.306ns;0;7
lp3x3_dw12_cw09_truncatedplain.vhd;87;4;11.303ns;0.001596275430362;0
lp3x3_dw12_cw09_truncatedplain0dsp.vhd;319;0;10.688ns;0.001596275430362;0
lp3x3_dw12_cw09_truncatedshiftandadd.vhd;189;0;9.264ns;0.001596275430362;10
lp3x3_dw12_cw10_shiftandadd.vhd;114;0;8.306ns;0;7
lp3x3_dw12_cw10_truncatedplain.vhd;91;4;11.392ns;0.000739841139031;0
lp3x3_dw12_cw10_truncatedplain0dsp.vhd;286;0;11.264ns;0.000739841139031;0
lp3x3_dw12_cw10_truncatedshiftandadd.vhd;232;0;10.106ns;0.000739841139031;12
lp3x3_dw16_cw00_fixiir.vhd;448;0;10.994ns;2.41E-15;0
lp3x3_dw16_cw04_truncatedplain.vhd;120;0;8.834ns;0.020180695566096;0
lp3x3_dw16_cw04_truncatedplain0dsp.vhd;120;0;8.834ns;0.020180695566096;0
lp3x3_dw16_cw04_truncatedshiftandadd.vhd;118;0;8.390ns;0.020180695566096;6
lp3x3_dw16_cw05_shiftandadd.vhd;142;0;8.468ns;0;7
lp3x3_dw16_cw05_truncatedplain.vhd;198;0;9.186ns;0.034873675779977;0
lp3x3_dw16_cw05_truncatedplain0dsp.vhd;198;0;9.186ns;0.034873675779977;0
lp3x3_dw16_cw05_truncatedshiftandadd.vhd;163;0;8.542ns;0.034873675779977;8
lp3x3_dw16_cw06_shiftandadd.vhd;142;0;8.468ns;0;7
lp3x3_dw16_cw06_truncatedplain.vhd;113;3;11.398ns;0.007680000000002;0
lp3x3_dw16_cw06_truncatedplain0dsp.vhd;235;0;10.034ns;0.007680000000002;0
lp3x3_dw16_cw06_truncatedshiftandadd.vhd;167;0;8.527ns;0.007680000000002;8
lp3x3_dw16_cw07_shiftandadd.vhd;143;0;8.480ns;0;7
lp3x3_dw16_cw07_truncatedplain.vhd;134;3;11.519ns;0.002706881720432;0
lp3x3_dw16_cw07_truncatedplain0dsp.vhd;289;0;10.440ns;0.002706881720432;0
lp3x3_dw16_cw07_truncatedshiftandadd.vhd;220;0;10.499ns;0.002706881720432;10
lp3x3_dw16_cw08_shiftandadd.vhd;142;0;8.468ns;0;7
lp3x3_dw16_cw08_truncatedplain.vhd;99;4;12.002ns;0.002494228024894;0
lp3x3_dw16_cw08_truncatedplain0dsp.vhd;300;0;10.983ns;0.002494228024894;0
lp3x3_dw16_cw08_truncatedshiftandadd.vhd;222;0;9.858ns;0.002494228024894;10
lp3x3_dw16_cw09_shiftandadd.vhd;142;0;8.468ns;0;7
lp3x3_dw16_cw09_truncatedplain.vhd;103;4;11.347ns;0.001596275430362;0
lp3x3_dw16_cw09_truncatedplain0dsp.vhd;402;0;11.556ns;0.001596275430362;0
lp3x3_dw16_cw09_truncatedshiftandadd.vhd;229;0;10.070ns;0.001596275430362;10
lp3x3_dw16_cw10_shiftandadd.vhd;142;0;8.468ns;0;7
lp3x3_dw16_cw10_truncatedplain.vhd;107;4;11.421ns;0.000739841139031;0
lp3x3_dw16_cw10_truncatedplain0dsp.vhd;354;0;11.453ns;0.000739841139031;0
lp3x3_dw16_cw10_truncatedshiftandadd.vhd;280;0;10.523ns;0.000739841139031;12
lp4_dw08_cw00_fixiir.vhd;182;0;9.746ns;5.27E-16;0
lp4_dw08_cw04_shiftandadd.vhd;65;0;6.989ns;0;5
lp4_dw08_cw04_truncatedplain.vhd;88;0;8.233ns;0;0
lp4_dw08_cw04_truncatedplain0dsp.vhd;88;0;8.233ns;0;0
lp4_dw08_cw04_truncatedshiftandadd.vhd;87;0;8.358ns;0;7
lp4_dw08_cw05_shiftandadd.vhd;48;0;7.177ns;0;4
lp4_dw08_cw05_truncatedplain.vhd;101;0;8.899ns;0.002564102564103;0
lp4_dw08_cw05_truncatedplain0dsp.vhd;101;0;8.899ns;0.002564102564103;0
lp4_dw08_cw05_truncatedshiftandadd.vhd;108;0;8.000ns;0.002564102564103;8
lp4_dw08_cw06_shiftandadd.vhd;48;0;7.177ns;0;4
lp4_dw08_cw06_truncatedplain.vhd;93;1;8.210ns;0.028205128205128;0
lp4_dw08_cw06_truncatedplain0dsp.vhd;115;0;8.309ns;0.028205128205128;0
lp4_dw08_cw06_truncatedshiftandadd.vhd;102;0;8.210ns;0.028205128205128;8
lp4_dw08_cw07_shiftandadd.vhd;47;0;7.336ns;0;4
lp4_dw08_cw07_truncatedplain.vhd;121;1;9.333ns;0.009277528054119;0
lp4_dw08_cw07_truncatedplain0dsp.vhd;138;0;9.185ns;0.009277528054119;0
lp4_dw08_cw07_truncatedshiftandadd.vhd;124;0;9.243ns;0.009277528054119;9
lp4_dw08_cw08_shiftandadd.vhd;48;0;7.177ns;0;4
lp4_dw08_cw08_truncatedplain.vhd;129;2;9.339ns;0.001063829787234;0
lp4_dw08_cw08_truncatedplain0dsp.vhd;181;0;9.631ns;0.001063829787234;0
lp4_dw08_cw08_truncatedshiftandadd.vhd;162;0;9.524ns;0.001063829787234;10
lp4_dw08_cw09_shiftandadd.vhd;47;0;7.336ns;0;4
lp4_dw08_cw09_truncatedplain.vhd;130;2;10.413ns;0.002529960053262;0
lp4_dw08_cw09_truncatedplain0dsp.vhd;192;0;9.601ns;0.002529960053262;0
lp4_dw08_cw09_truncatedshiftandadd.vhd;163;0;9.530ns;0.002529960053262;11
lp4_dw08_cw10_shiftandadd.vhd;48;0;7.177ns;0;4
lp4_dw08_cw10_truncatedplain.vhd;143;2;10.170ns;0.000478468899522;0
lp4_dw08_cw10_truncatedplain0dsp.vhd;212;0;9.594ns;0.000478468899522;0
lp4_dw08_cw10_truncatedshiftandadd.vhd;197;0;10.672ns;0.000478468899522;12
lp4_dw12_cw00_fixiir.vhd;291;0;9.706ns;5.27E-16;0
lp4_dw12_cw04_shiftandadd.vhd;80;0;7.299ns;0;5
lp4_dw12_cw04_truncatedplain.vhd;124;0;8.455ns;0;0
lp4_dw12_cw04_truncatedplain0dsp.vhd;124;0;8.455ns;0;0
lp4_dw12_cw04_truncatedshiftandadd.vhd;110;0;8.507ns;0;7
lp4_dw12_cw05_shiftandadd.vhd;59;0;7.407ns;0;4
lp4_dw12_cw05_truncatedplain.vhd;140;0;8.869ns;0.002564102564103;0
lp4_dw12_cw05_truncatedplain0dsp.vhd;140;0;8.869ns;0.002564102564103;0
lp4_dw12_cw05_truncatedshiftandadd.vhd;139;0;8.640ns;0.002564102564103;8
lp4_dw12_cw06_shiftandadd.vhd;59;0;7.407ns;0;4
lp4_dw12_cw06_truncatedplain.vhd;99;2;9.070ns;0.028205128205128;0
lp4_dw12_cw06_truncatedplain0dsp.vhd;167;0;8.928ns;0.028205128205128;0
lp4_dw12_cw06_truncatedshiftandadd.vhd;129;0;8.501ns;0.028205128205128;8
lp4_dw12_cw07_shiftandadd.vhd;58;0;7.370ns;0;4
lp4_dw12_cw07_truncatedplain.vhd;92;3;11.162ns;0.009277528054119;0
lp4_dw12_cw07_truncatedplain0dsp.vhd;196;0;9.868ns;0.009277528054119;0
lp4_dw12_cw07_truncatedshiftandadd.vhd;155;0;9.336ns;0.009277528054119;9
lp4_dw12_cw08_shiftandadd.vhd;59;0;7.407ns;0;4
lp4_dw12_cw08_truncatedplain.vhd;81;4;11.341ns;0.001063829787234;0
lp4_dw12_cw08_truncatedplain0dsp.vhd;228;0;9.658ns;0.001063829787234;0
lp4_dw12_cw08_truncatedshiftandadd.vhd;201;0;9.745ns;0.001063829787234;10
lp4_dw12_cw09_shiftandadd.vhd;58;0;7.489ns;0;4
lp4_dw12_cw09_truncatedplain.vhd;85;4;11.484ns;0.002529960053262;0
lp4_dw12_cw09_truncatedplain0dsp.vhd;268;0;10.991ns;0.002529960053262;0
lp4_dw12_cw09_truncatedshiftandadd.vhd;202;0;9.529ns;0.002529960053262;11
lp4_dw12_cw10_shiftandadd.vhd;59;0;7.407ns;0;4
lp4_dw12_cw10_truncatedplain.vhd;89;4;11.280ns;0.000478468899522;0
lp4_dw12_cw10_truncatedplain0dsp.vhd;295;0;10.663ns;0.000478468899522;0
lp4_dw12_cw10_truncatedshiftandadd.vhd;240;0;11.098ns;0.000478468899522;12
lp4_dw16_cw00_fixiir.vhd;462;0;10.836ns;5.27E-16;0
lp4_dw16_cw04_shiftandadd.vhd;100;0;7.525ns;0;5
lp4_dw16_cw04_truncatedplain.vhd;156;0;8.354ns;0;0
lp4_dw16_cw04_truncatedplain0dsp.vhd;156;0;8.354ns;0;0
lp4_dw16_cw04_truncatedshiftandadd.vhd;138;0;8.480ns;0;7
lp4_dw16_cw05_shiftandadd.vhd;75;0;7.559ns;0;4
lp4_dw16_cw05_truncatedplain.vhd;176;0;9.313ns;0.002564102564103;0
lp4_dw16_cw05_truncatedplain0dsp.vhd;176;0;9.313ns;0.002564102564103;0
lp4_dw16_cw05_truncatedshiftandadd.vhd;175;0;9.134ns;0.002564102564103;8
lp4_dw16_cw06_shiftandadd.vhd;75;0;7.559ns;0;4
lp4_dw16_cw06_truncatedplain.vhd;123;2;9.593ns;0.028205128205128;0
lp4_dw16_cw06_truncatedplain0dsp.vhd;211;0;8.871ns;0.028205128205128;0
lp4_dw16_cw06_truncatedshiftandadd.vhd;161;0;8.886ns;0.028205128205128;8
lp4_dw16_cw07_shiftandadd.vhd;74;0;7.570ns;0;4
lp4_dw16_cw07_truncatedplain.vhd;112;3;11.256ns;0.009277528054119;0
lp4_dw16_cw07_truncatedplain0dsp.vhd;244;0;9.911ns;0.009277528054119;0
lp4_dw16_cw07_truncatedshiftandadd.vhd;191;0;9.498ns;0.009277528054119;9
lp4_dw16_cw08_shiftandadd.vhd;75;0;7.559ns;0;4
lp4_dw16_cw08_truncatedplain.vhd;97;4;11.609ns;0.001063829787234;0
lp4_dw16_cw08_truncatedplain0dsp.vhd;282;0;10.638ns;0.001063829787234;0
lp4_dw16_cw08_truncatedshiftandadd.vhd;245;0;10.736ns;0.001063829787234;10
lp4_dw16_cw09_shiftandadd.vhd;74;0;7.552ns;0;4
lp4_dw16_cw09_truncatedplain.vhd;101;4;11.741ns;0.002529960053262;0
lp4_dw16_cw09_truncatedplain0dsp.vhd;333;0;11.005ns;0.002529960053262;0
lp4_dw16_cw09_truncatedshiftandadd.vhd;246;0;9.986ns;0.002529960053262;11
lp4_dw16_cw10_shiftandadd.vhd;75;0;7.559ns;0;4
lp4_dw16_cw10_truncatedplain.vhd;105;4;11.454ns;0.000478468899522;0
lp4_dw16_cw10_truncatedplain0dsp.vhd;369;0;10.646ns;0.000478468899522;0
lp4_dw16_cw10_truncatedshiftandadd.vhd;288;0;10.812ns;0.000478468899522;12
