hp0_dw08_cw00_fixiir.vhd;354;0;10.390ns;0;0
hp0_dw08_cw06_shiftandadd.vhd;70;0;7.147ns;0;3
hp0_dw08_cw07_shiftandadd.vhd;70;0;7.147ns;0;3
hp0_dw08_cw08_shiftandadd.vhd;55;0;7.024ns;0;3
hp0_dw08_cw08_truncatedplain.vhd;109;2;9.998ns;0.063898476596078;0
hp0_dw08_cw08_truncatedplain0dsp.vhd;265;0;9.762ns;0.063898476596078;0
hp0_dw08_cw08_truncatedshiftandadd.vhd;178;0;8.633ns;0.063898476596078;9
hp0_dw08_cw09_shiftandadd.vhd;54;0;7.123ns;0;3
hp0_dw08_cw09_truncatedplain.vhd;132;2;10.120ns;1;0
hp0_dw08_cw09_truncatedplain0dsp.vhd;264;0;9.601ns;1;0
hp0_dw08_cw09_truncatedshiftandadd.vhd;210;0;8.904ns;1;10
hp0_dw08_cw10_shiftandadd.vhd;57;0;6.958ns;0;3
hp0_dw08_cw10_truncatedplain.vhd;142;3;10.969ns;0.333333333333333;0
hp0_dw08_cw10_truncatedplain0dsp.vhd;322;0;11.170ns;0.333333333333333;0
hp0_dw08_cw10_truncatedshiftandadd.vhd;228;0;10.135ns;0.333333333333333;11
hp0_dw08_cw11_truncatedplain.vhd;96;4;11.236ns;0;0
hp0_dw08_cw11_truncatedplain0dsp.vhd;298;0;10.409ns;0;0
hp0_dw08_cw11_truncatedshiftandadd.vhd;212;0;9.326ns;0;10
hp0_dw12_cw00_fixiir.vhd;561;0;10.693ns;0;0
hp0_dw12_cw06_shiftandadd.vhd;85;0;7.526ns;0;3
hp0_dw12_cw07_shiftandadd.vhd;85;0;7.526ns;0;3
hp0_dw12_cw08_shiftandadd.vhd;66;0;7.369ns;0;3
hp0_dw12_cw08_truncatedplain.vhd;94;4;11.482ns;0.063898476596078;0
hp0_dw12_cw08_truncatedplain0dsp.vhd;329;0;9.968ns;0.063898476596078;0
hp0_dw12_cw08_truncatedshiftandadd.vhd;208;0;9.162ns;0.063898476596078;9
hp0_dw12_cw09_shiftandadd.vhd;65;0;7.273ns;0;3
hp0_dw12_cw09_truncatedplain.vhd;99;4;11.883ns;1;0
hp0_dw12_cw09_truncatedplain0dsp.vhd;320;0;9.894ns;1;0
hp0_dw12_cw09_truncatedshiftandadd.vhd;244;0;8.735ns;1;10
hp0_dw12_cw10_shiftandadd.vhd;67;0;7.549ns;0;3
hp0_dw12_cw10_truncatedplain.vhd;102;4;11.898ns;0.333333333333333;0
hp0_dw12_cw10_truncatedplain0dsp.vhd;385;0;11.637ns;0.333333333333333;0
hp0_dw12_cw10_truncatedshiftandadd.vhd;266;0;10.043ns;0.333333333333333;11
hp0_dw12_cw11_truncatedplain.vhd;106;4;11.736ns;0;0
hp0_dw12_cw11_truncatedplain0dsp.vhd;413;0;11.494ns;0;0
hp0_dw12_cw11_truncatedshiftandadd.vhd;246;0;9.745ns;0;10
hp0_dw16_cw00_fixiir.vhd;760;0;11.795ns;0;0
hp0_dw16_cw06_shiftandadd.vhd;105;0;7.742ns;0;3
hp0_dw16_cw07_shiftandadd.vhd;105;0;7.742ns;0;3
hp0_dw16_cw08_shiftandadd.vhd;82;0;7.697ns;0;3
hp0_dw16_cw08_truncatedplain.vhd;330;2;11.877ns;0.063898476596078;0
hp0_dw16_cw08_truncatedplain0dsp.vhd;391;0;9.735ns;0.063898476596078;0
hp0_dw16_cw08_truncatedshiftandadd.vhd;244;0;8.876ns;0.063898476596078;9
hp0_dw16_cw09_shiftandadd.vhd;81;0;7.543ns;0;3
hp0_dw16_cw09_truncatedplain.vhd;273;2;11.626ns;1;0
hp0_dw16_cw09_truncatedplain0dsp.vhd;359;0;9.845ns;1;0
hp0_dw16_cw09_truncatedshiftandadd.vhd;284;0;8.841ns;1;10
hp0_dw16_cw10_shiftandadd.vhd;83;0;7.548ns;0;3
hp0_dw16_cw10_truncatedplain.vhd;330;2;11.923ns;0.333333333333333;0
hp0_dw16_cw10_truncatedplain0dsp.vhd;446;0;12.270ns;0.333333333333333;0
hp0_dw16_cw10_truncatedshiftandadd.vhd;310;0;9.500ns;0.333333333333333;11
hp0_dw16_cw11_truncatedplain.vhd;332;2;11.784ns;0;0
hp0_dw16_cw11_truncatedplain0dsp.vhd;490;0;11.467ns;0;0
hp0_dw16_cw11_truncatedshiftandadd.vhd;286;0;9.988ns;0;10
lp1x0_dw08_cw00_fixiir.vhd;209;0;9.765ns;4.9960036108132E-16;0
lp1x0_dw08_cw04_shiftandadd.vhd;63;0;7.657ns;0;5
lp1x0_dw08_cw04_truncatedplain.vhd;109;0;8.698ns;0.026368930952694;0
lp1x0_dw08_cw04_truncatedplain0dsp.vhd;109;0;8.698ns;0.026368930952694;0
lp1x0_dw08_cw04_truncatedshiftandadd.vhd;91;0;8.119ns;0.026368930952694;7
lp1x0_dw08_cw05_shiftandadd.vhd;63;0;7.657ns;0;5
lp1x0_dw08_cw05_truncatedplain.vhd;115;0;9.054ns;0.036363636363636;0
lp1x0_dw08_cw05_truncatedplain0dsp.vhd;115;0;9.054ns;0.036363636363636;0
lp1x0_dw08_cw05_truncatedshiftandadd.vhd;108;0;9.028ns;0.036363636363636;8
lp1x0_dw08_cw06_shiftandadd.vhd;61;0;7.367ns;0;5
lp1x0_dw08_cw06_truncatedplain.vhd;125;1;9.420ns;0.007558612425866;0
lp1x0_dw08_cw06_truncatedplain0dsp.vhd;138;0;9.469ns;0.007558612425866;0
lp1x0_dw08_cw06_truncatedshiftandadd.vhd;125;0;9.415ns;0.007558612425866;9
lp1x0_dw08_cw07_shiftandadd.vhd;64;0;7.125ns;0;5
lp1x0_dw08_cw07_truncatedplain.vhd;104;2;9.534ns;0.007558612425866;0
lp1x0_dw08_cw07_truncatedplain0dsp.vhd;151;0;9.043ns;0.007558612425866;0
lp1x0_dw08_cw07_truncatedshiftandadd.vhd;124;0;9.063ns;0.007558612425866;9
lp1x0_dw08_cw08_shiftandadd.vhd;60;0;7.162ns;0;5
lp1x0_dw08_cw08_truncatedplain.vhd;130;2;9.559ns;0.001744186046512;0
lp1x0_dw08_cw08_truncatedplain0dsp.vhd;219;0;9.180ns;0.001744186046512;0
lp1x0_dw08_cw08_truncatedshiftandadd.vhd;171;0;10.466ns;0.001744186046512;11
lp1x0_dw08_cw09_shiftandadd.vhd;63;0;7.201ns;0;5
lp1x0_dw08_cw09_truncatedplain.vhd;133;2;9.818ns;0.001744186046512;0
lp1x0_dw08_cw09_truncatedplain0dsp.vhd;250;0;9.710ns;0.001744186046512;0
lp1x0_dw08_cw09_truncatedshiftandadd.vhd;172;0;10.454ns;0.001744186046512;11
lp1x0_dw08_cw10_shiftandadd.vhd;63;0;7.201ns;0;5
lp1x0_dw08_cw10_truncatedplain.vhd;148;2;11.374ns;0;0
lp1x0_dw08_cw10_truncatedplain0dsp.vhd;262;0;10.993ns;0;0
lp1x0_dw08_cw10_truncatedshiftandadd.vhd;188;0;9.956ns;0;12
lp1x0_dw12_cw00_fixiir.vhd;348;0;10.905ns;4.9960036108132E-16;0
lp1x0_dw12_cw04_shiftandadd.vhd;78;0;7.497ns;0;5
lp1x0_dw12_cw04_truncatedplain.vhd;136;0;8.985ns;0.026368930952694;0
lp1x0_dw12_cw04_truncatedplain0dsp.vhd;136;0;8.985ns;0.026368930952694;0
lp1x0_dw12_cw04_truncatedshiftandadd.vhd;114;0;8.410ns;0.026368930952694;7
lp1x0_dw12_cw05_shiftandadd.vhd;78;0;7.497ns;0;5
lp1x0_dw12_cw05_truncatedplain.vhd;149;0;8.886ns;0.036363636363636;0
lp1x0_dw12_cw05_truncatedplain0dsp.vhd;149;0;8.886ns;0.036363636363636;0
lp1x0_dw12_cw05_truncatedshiftandadd.vhd;135;0;9.498ns;0.036363636363636;8
lp1x0_dw12_cw06_shiftandadd.vhd;76;0;7.665ns;0;5
lp1x0_dw12_cw06_truncatedplain.vhd;110;3;11.057ns;0.007558612425866;0
lp1x0_dw12_cw06_truncatedplain0dsp.vhd;183;0;9.902ns;0.007558612425866;0
lp1x0_dw12_cw06_truncatedshiftandadd.vhd;156;0;9.306ns;0.007558612425866;9
lp1x0_dw12_cw07_shiftandadd.vhd;79;0;7.492ns;0;5
lp1x0_dw12_cw07_truncatedplain.vhd;81;4;11.540ns;0.007558612425866;0
lp1x0_dw12_cw07_truncatedplain0dsp.vhd;198;0;9.592ns;0.007558612425866;0
lp1x0_dw12_cw07_truncatedshiftandadd.vhd;155;0;9.461ns;0.007558612425866;9
lp1x0_dw12_cw08_shiftandadd.vhd;75;0;7.604ns;0;5
lp1x0_dw12_cw08_truncatedplain.vhd;85;4;11.433ns;0.001744186046512;0
lp1x0_dw12_cw08_truncatedplain0dsp.vhd;259;0;10.198ns;0.001744186046512;0
lp1x0_dw12_cw08_truncatedshiftandadd.vhd;214;0;10.808ns;0.001744186046512;11
lp1x0_dw12_cw09_shiftandadd.vhd;78;0;7.318ns;0;5
lp1x0_dw12_cw09_truncatedplain.vhd;89;4;11.237ns;0.001744186046512;0
lp1x0_dw12_cw09_truncatedplain0dsp.vhd;331;0;10.493ns;0.001744186046512;0
lp1x0_dw12_cw09_truncatedshiftandadd.vhd;215;0;11.043ns;0.001744186046512;11
lp1x0_dw12_cw10_shiftandadd.vhd;78;0;7.329ns;0;5
lp1x0_dw12_cw10_truncatedplain.vhd;93;4;11.608ns;0;0
lp1x0_dw12_cw10_truncatedplain0dsp.vhd;332;0;11.857ns;0;0
lp1x0_dw12_cw10_truncatedshiftandadd.vhd;231;0;10.660ns;0;12
lp1x0_dw16_cw00_fixiir.vhd;487;0;11.187ns;4.9960036108132E-16;0
lp1x0_dw16_cw04_shiftandadd.vhd;98;0;7.452ns;0;5
lp1x0_dw16_cw04_truncatedplain.vhd;168;0;9.247ns;0.026368930952694;0
lp1x0_dw16_cw04_truncatedplain0dsp.vhd;168;0;9.247ns;0.026368930952694;0
lp1x0_dw16_cw04_truncatedshiftandadd.vhd;142;0;8.465ns;0.026368930952694;7
lp1x0_dw16_cw05_shiftandadd.vhd;98;0;7.452ns;0;5
lp1x0_dw16_cw05_truncatedplain.vhd;185;0;9.880ns;0.036363636363636;0
lp1x0_dw16_cw05_truncatedplain0dsp.vhd;185;0;9.880ns;0.036363636363636;0
lp1x0_dw16_cw05_truncatedshiftandadd.vhd;167;0;9.525ns;0.036363636363636;8
lp1x0_dw16_cw06_shiftandadd.vhd;96;0;7.446ns;0;5
lp1x0_dw16_cw06_truncatedplain.vhd;134;3;11.456ns;0.007558612425866;0
lp1x0_dw16_cw06_truncatedplain0dsp.vhd;227;0;10.126ns;0.007558612425866;0
lp1x0_dw16_cw06_truncatedshiftandadd.vhd;192;0;9.841ns;0.007558612425866;9
lp1x0_dw16_cw07_shiftandadd.vhd;99;0;7.576ns;0;5
lp1x0_dw16_cw07_truncatedplain.vhd;97;4;11.391ns;0.007558612425866;0
lp1x0_dw16_cw07_truncatedplain0dsp.vhd;246;0;10.089ns;0.007558612425866;0
lp1x0_dw16_cw07_truncatedshiftandadd.vhd;191;0;9.619ns;0.007558612425866;9
lp1x0_dw16_cw08_shiftandadd.vhd;95;0;7.340ns;0;5
lp1x0_dw16_cw08_truncatedplain.vhd;101;4;11.675ns;0.001744186046512;0
lp1x0_dw16_cw08_truncatedplain0dsp.vhd;315;0;10.580ns;0.001744186046512;0
lp1x0_dw16_cw08_truncatedshiftandadd.vhd;262;0;10.719ns;0.001744186046512;11
lp1x0_dw16_cw09_shiftandadd.vhd;98;0;7.406ns;0;5
lp1x0_dw16_cw09_truncatedplain.vhd;105;4;11.425ns;0.001744186046512;0
lp1x0_dw16_cw09_truncatedplain0dsp.vhd;412;0;11.850ns;0.001744186046512;0
lp1x0_dw16_cw09_truncatedshiftandadd.vhd;263;0;11.158ns;0.001744186046512;11
lp1x0_dw16_cw10_shiftandadd.vhd;98;0;7.407ns;0;5
lp1x0_dw16_cw10_truncatedplain.vhd;109;4;11.853ns;0;0
lp1x0_dw16_cw10_truncatedplain0dsp.vhd;412;0;11.922ns;0;0
lp1x0_dw16_cw10_truncatedshiftandadd.vhd;279;0;10.363ns;0;12
lp1x1_dw08_cw00_fixiir.vhd;194;0;9.662ns;1.346145417358E-15;0
lp1x1_dw08_cw04_shiftandadd.vhd;63;0;7.657ns;0;5
lp1x1_dw08_cw04_truncatedplain.vhd;97;0;8.833ns;0.020480376292291;0
lp1x1_dw08_cw04_truncatedplain0dsp.vhd;97;0;8.833ns;0.020480376292291;0
lp1x1_dw08_cw04_truncatedshiftandadd.vhd;83;0;8.341ns;0.020480376292291;6
lp1x1_dw08_cw05_shiftandadd.vhd;64;0;7.125ns;0;5
lp1x1_dw08_cw05_truncatedplain.vhd;141;0;9.216ns;0.029854393049765;0
lp1x1_dw08_cw05_truncatedplain0dsp.vhd;141;0;9.216ns;0.029854393049765;0
lp1x1_dw08_cw05_truncatedshiftandadd.vhd;109;0;9.149ns;0.029854393049765;8
lp1x1_dw08_cw06_shiftandadd.vhd;63;0;7.657ns;0;5
lp1x1_dw08_cw06_truncatedplain.vhd;124;1;9.300ns;0.000909090909091;0
lp1x1_dw08_cw06_truncatedplain0dsp.vhd;161;0;9.493ns;0.000909090909091;0
lp1x1_dw08_cw06_truncatedshiftandadd.vhd;128;0;9.221ns;0.000909090909091;9
lp1x1_dw08_cw07_shiftandadd.vhd;64;0;7.125ns;0;5
lp1x1_dw08_cw07_truncatedplain.vhd;115;2;9.715ns;0.007727956576435;0
lp1x1_dw08_cw07_truncatedplain0dsp.vhd;190;0;9.036ns;0.007727956576435;0
lp1x1_dw08_cw07_truncatedshiftandadd.vhd;142;0;9.077ns;0.007727956576435;10
lp1x1_dw08_cw08_shiftandadd.vhd;63;0;7.201ns;0;5
lp1x1_dw08_cw08_truncatedplain.vhd;127;2;9.744ns;0.00375;0
lp1x1_dw08_cw08_truncatedplain0dsp.vhd;212;0;9.883ns;0.00375;0
lp1x1_dw08_cw08_truncatedshiftandadd.vhd;157;0;9.557ns;0.00375;11
lp1x1_dw08_cw09_shiftandadd.vhd;63;0;7.201ns;0;5
lp1x1_dw08_cw09_truncatedplain.vhd;142;2;9.349ns;0.002028142503166;0
lp1x1_dw08_cw09_truncatedplain0dsp.vhd;270;0;10.072ns;0.002028142503166;0
lp1x1_dw08_cw09_truncatedshiftandadd.vhd;170;0;9.201ns;0.002028142503166;11
lp1x1_dw08_cw10_shiftandadd.vhd;63;0;7.201ns;0;5
lp1x1_dw08_cw10_truncatedplain.vhd;136;2;9.857ns;0.001880341880342;0
lp1x1_dw08_cw10_truncatedplain0dsp.vhd;251;0;9.469ns;0.001880341880342;0
lp1x1_dw08_cw10_truncatedshiftandadd.vhd;188;0;9.558ns;0.001880341880342;12
lp1x1_dw08_cw16_truncatedplain.vhd;106;4;11.471ns;0;0
lp1x1_dw08_cw16_truncatedplain0dsp.vhd;373;0;11.142ns;0;0
lp1x1_dw08_cw16_truncatedshiftandadd.vhd;304;0;10.391ns;0;15
lp1x1_dw12_cw00_fixiir.vhd;331;0;10.653ns;1.346145417358E-15;0
lp1x1_dw12_cw04_shiftandadd.vhd;78;0;7.497ns;0;5
lp1x1_dw12_cw04_truncatedplain.vhd;120;0;9.405ns;0.020480376292291;0
lp1x1_dw12_cw04_truncatedplain0dsp.vhd;120;0;9.405ns;0.020480376292291;0
lp1x1_dw12_cw04_truncatedshiftandadd.vhd;102;0;8.454ns;0.020480376292291;6
lp1x1_dw12_cw05_shiftandadd.vhd;79;0;7.492ns;0;5
lp1x1_dw12_cw05_truncatedplain.vhd;180;0;9.465ns;0.029854393049765;0
lp1x1_dw12_cw05_truncatedplain0dsp.vhd;180;0;9.465ns;0.029854393049765;0
lp1x1_dw12_cw05_truncatedshiftandadd.vhd;136;0;9.773ns;0.029854393049765;8
lp1x1_dw12_cw06_shiftandadd.vhd;78;0;7.501ns;0;5
lp1x1_dw12_cw06_truncatedplain.vhd;110;3;11.057ns;0.000909090909091;0
lp1x1_dw12_cw06_truncatedplain0dsp.vhd;215;0;9.633ns;0.000909090909091;0
lp1x1_dw12_cw06_truncatedshiftandadd.vhd;159;0;9.470ns;0.000909090909091;9
lp1x1_dw12_cw07_shiftandadd.vhd;79;0;7.492ns;0;5
lp1x1_dw12_cw07_truncatedplain.vhd;81;4;11.540ns;0.007727956576435;0
lp1x1_dw12_cw07_truncatedplain0dsp.vhd;247;0;9.239ns;0.007727956576435;0
lp1x1_dw12_cw07_truncatedshiftandadd.vhd;177;0;9.691ns;0.007727956576435;10
lp1x1_dw12_cw08_shiftandadd.vhd;78;0;7.318ns;0;5
lp1x1_dw12_cw08_truncatedplain.vhd;85;4;11.433ns;0.00375;0
lp1x1_dw12_cw08_truncatedplain0dsp.vhd;261;0;9.945ns;0.00375;0
lp1x1_dw12_cw08_truncatedshiftandadd.vhd;196;0;9.595ns;0.00375;11
lp1x1_dw12_cw09_shiftandadd.vhd;78;0;7.318ns;0;5
lp1x1_dw12_cw09_truncatedplain.vhd;89;4;11.237ns;0.002028142503166;0
lp1x1_dw12_cw09_truncatedplain0dsp.vhd;357;0;9.811ns;0.002028142503166;0
lp1x1_dw12_cw09_truncatedshiftandadd.vhd;209;0;9.779ns;0.002028142503166;11
lp1x1_dw12_cw10_shiftandadd.vhd;78;0;7.329ns;0;5
lp1x1_dw12_cw10_truncatedplain.vhd;93;4;11.608ns;0.001880341880342;0
lp1x1_dw12_cw10_truncatedplain0dsp.vhd;324;0;9.414ns;0.001880341880342;0
lp1x1_dw12_cw10_truncatedshiftandadd.vhd;231;0;10.032ns;0.001880341880342;12
lp1x1_dw12_cw16_truncatedplain.vhd;117;4;11.365ns;0;0
lp1x1_dw12_cw16_truncatedplain0dsp.vhd;511;0;12.275ns;0;0
lp1x1_dw12_cw16_truncatedshiftandadd.vhd;342;0;9.758ns;0;15
lp1x1_dw16_cw00_fixiir.vhd;471;0;10.479ns;1.346145417358E-15;0
lp1x1_dw16_cw04_shiftandadd.vhd;98;0;7.452ns;0;5
lp1x1_dw16_cw04_truncatedplain.vhd;148;0;8.923ns;0.020480376292291;0
lp1x1_dw16_cw04_truncatedplain0dsp.vhd;148;0;8.923ns;0.020480376292291;0
lp1x1_dw16_cw04_truncatedshiftandadd.vhd;126;0;8.503ns;0.020480376292291;6
lp1x1_dw16_cw05_shiftandadd.vhd;99;0;7.576ns;0;5
lp1x1_dw16_cw05_truncatedplain.vhd;224;0;9.825ns;0.029854393049765;0
lp1x1_dw16_cw05_truncatedplain0dsp.vhd;224;0;9.825ns;0.029854393049765;0
lp1x1_dw16_cw05_truncatedshiftandadd.vhd;168;0;9.596ns;0.029854393049765;8
lp1x1_dw16_cw06_shiftandadd.vhd;98;0;7.447ns;0;5
lp1x1_dw16_cw06_truncatedplain.vhd;134;3;11.456ns;0.000909090909091;0
lp1x1_dw16_cw06_truncatedplain0dsp.vhd;267;0;10.343ns;0.000909090909091;0
lp1x1_dw16_cw06_truncatedshiftandadd.vhd;195;0;9.709ns;0.000909090909091;9
lp1x1_dw16_cw07_shiftandadd.vhd;99;0;7.576ns;0;5
lp1x1_dw16_cw07_truncatedplain.vhd;97;4;11.391ns;0.007727956576435;0
lp1x1_dw16_cw07_truncatedplain0dsp.vhd;307;0;9.795ns;0.007727956576435;0
lp1x1_dw16_cw07_truncatedshiftandadd.vhd;217;0;9.570ns;0.007727956576435;10
lp1x1_dw16_cw08_shiftandadd.vhd;98;0;7.406ns;0;5
lp1x1_dw16_cw08_truncatedplain.vhd;101;4;11.675ns;0.00375;0
lp1x1_dw16_cw08_truncatedplain0dsp.vhd;322;0;10.009ns;0.00375;0
lp1x1_dw16_cw08_truncatedshiftandadd.vhd;240;0;9.285ns;0.00375;11
lp1x1_dw16_cw09_shiftandadd.vhd;98;0;7.406ns;0;5
lp1x1_dw16_cw09_truncatedplain.vhd;105;4;11.425ns;0.002028142503166;0
lp1x1_dw16_cw09_truncatedplain0dsp.vhd;443;0;9.923ns;0.002028142503166;0
lp1x1_dw16_cw09_truncatedshiftandadd.vhd;253;0;9.524ns;0.002028142503166;11
lp1x1_dw16_cw10_shiftandadd.vhd;98;0;7.407ns;0;5
lp1x1_dw16_cw10_truncatedplain.vhd;109;4;11.853ns;0.001880341880342;0
lp1x1_dw16_cw10_truncatedplain0dsp.vhd;401;0;10.061ns;0.001880341880342;0
lp1x1_dw16_cw10_truncatedshiftandadd.vhd;279;0;10.992ns;0.001880341880342;12
lp1x1_dw16_cw16_truncatedplain.vhd;133;4;11.922ns;0;0
lp1x1_dw16_cw16_truncatedplain0dsp.vhd;621;0;13.413ns;0;0
lp1x1_dw16_cw16_truncatedshiftandadd.vhd;402;0;9.916ns;0;15
lp1x2_dw08_cw00_fixiir.vhd;208;0;9.736ns;1.87350135405495E-15;0
lp1x2_dw08_cw04_shiftandadd.vhd;73;0;7.264ns;0;6
lp1x2_dw08_cw04_truncatedplain.vhd;91;0;9.102ns;0.086666666666667;0
lp1x2_dw08_cw04_truncatedplain0dsp.vhd;91;0;9.102ns;0.086666666666667;0
lp1x2_dw08_cw04_truncatedshiftandadd.vhd;90;0;8.156ns;0.086666666666667;7
lp1x2_dw08_cw05_shiftandadd.vhd;73;0;7.264ns;0;6
lp1x2_dw08_cw05_truncatedplain.vhd;139;0;9.543ns;0.009797256024933;0
lp1x2_dw08_cw05_truncatedplain0dsp.vhd;139;0;9.543ns;0.009797256024933;0
lp1x2_dw08_cw05_truncatedshiftandadd.vhd;111;0;9.560ns;0.009797256024933;8
lp1x2_dw08_cw06_shiftandadd.vhd;75;0;8.201ns;0;6
lp1x2_dw08_cw06_truncatedplain.vhd;126;1;9.432ns;0;0
lp1x2_dw08_cw06_truncatedplain0dsp.vhd;163;0;8.801ns;0;0
lp1x2_dw08_cw06_truncatedshiftandadd.vhd;125;0;9.211ns;0;9
lp1x2_dw08_cw07_shiftandadd.vhd;75;0;8.044ns;0;6
lp1x2_dw08_cw07_truncatedplain.vhd;116;2;9.867ns;0.001568215541628;0
lp1x2_dw08_cw07_truncatedplain0dsp.vhd;166;0;9.159ns;0.001568215541628;0
lp1x2_dw08_cw07_truncatedshiftandadd.vhd;143;0;9.094ns;0.001568215541628;10
lp1x2_dw08_cw08_shiftandadd.vhd;80;0;8.644ns;0;6
lp1x2_dw08_cw08_truncatedplain.vhd;131;2;10.509ns;0.001827590077408;0
lp1x2_dw08_cw08_truncatedplain0dsp.vhd;175;0;10.061ns;0.001827590077408;0
lp1x2_dw08_cw08_truncatedshiftandadd.vhd;148;0;9.370ns;0.001827590077408;10
lp1x2_dw08_cw09_shiftandadd.vhd;70;0;7.586ns;0;6
lp1x2_dw08_cw09_truncatedplain.vhd;174;2;10.266ns;0.003333333333333;0
lp1x2_dw08_cw09_truncatedplain0dsp.vhd;296;0;9.810ns;0.003333333333333;0
lp1x2_dw08_cw09_truncatedshiftandadd.vhd;190;0;10.818ns;0.003333333333333;12
lp1x2_dw08_cw10_shiftandadd.vhd;70;0;7.593ns;0;6
lp1x2_dw08_cw10_truncatedplain.vhd;173;2;11.161ns;0.00125;0
lp1x2_dw08_cw10_truncatedplain0dsp.vhd;293;0;11.086ns;0.00125;0
lp1x2_dw08_cw10_truncatedshiftandadd.vhd;189;0;9.231ns;0.00125;12
lp1x2_dw12_cw00_fixiir.vhd;354;0;10.909ns;1.87350135405495E-15;0
lp1x2_dw12_cw04_shiftandadd.vhd;92;0;7.426ns;0;6
lp1x2_dw12_cw04_truncatedplain.vhd;114;0;9.507ns;0.086666666666667;0
lp1x2_dw12_cw04_truncatedplain0dsp.vhd;114;0;9.507ns;0.086666666666667;0
lp1x2_dw12_cw04_truncatedshiftandadd.vhd;113;0;8.327ns;0.086666666666667;7
lp1x2_dw12_cw05_shiftandadd.vhd;92;0;7.426ns;0;6
lp1x2_dw12_cw05_truncatedplain.vhd;178;0;9.345ns;0.009797256024933;0
lp1x2_dw12_cw05_truncatedplain0dsp.vhd;178;0;9.345ns;0.009797256024933;0
lp1x2_dw12_cw05_truncatedshiftandadd.vhd;138;0;9.369ns;0.009797256024933;8
lp1x2_dw12_cw06_shiftandadd.vhd;94;0;8.331ns;0;6
lp1x2_dw12_cw06_truncatedplain.vhd;95;3;11.326ns;0;0
lp1x2_dw12_cw06_truncatedplain0dsp.vhd;212;0;10.153ns;0;0
lp1x2_dw12_cw06_truncatedshiftandadd.vhd;156;0;9.393ns;0;9
lp1x2_dw12_cw07_shiftandadd.vhd;94;0;8.566ns;0;6
lp1x2_dw12_cw07_truncatedplain.vhd;81;4;11.540ns;0.001568215541628;0
lp1x2_dw12_cw07_truncatedplain0dsp.vhd;215;0;9.932ns;0.001568215541628;0
lp1x2_dw12_cw07_truncatedshiftandadd.vhd;178;0;9.625ns;0.001568215541628;10
lp1x2_dw12_cw08_shiftandadd.vhd;99;0;8.276ns;0;6
lp1x2_dw12_cw08_truncatedplain.vhd;85;4;11.433ns;0.001827590077408;0
lp1x2_dw12_cw08_truncatedplain0dsp.vhd;209;0;10.333ns;0.001827590077408;0
lp1x2_dw12_cw08_truncatedshiftandadd.vhd;183;0;9.720ns;0.001827590077408;10
lp1x2_dw12_cw09_shiftandadd.vhd;89;0;7.504ns;0;6
lp1x2_dw12_cw09_truncatedplain.vhd;89;4;11.237ns;0.003333333333333;0
lp1x2_dw12_cw09_truncatedplain0dsp.vhd;398;0;11.338ns;0.003333333333333;0
lp1x2_dw12_cw09_truncatedshiftandadd.vhd;233;0;11.037ns;0.003333333333333;12
lp1x2_dw12_cw10_shiftandadd.vhd;89;0;7.504ns;0;6
lp1x2_dw12_cw10_truncatedplain.vhd;93;4;11.608ns;0.00125;0
lp1x2_dw12_cw10_truncatedplain0dsp.vhd;365;0;11.162ns;0.00125;0
lp1x2_dw12_cw10_truncatedshiftandadd.vhd;232;0;9.868ns;0.00125;12
lp1x2_dw16_cw00_fixiir.vhd;489;0;10.771ns;1.87350135405495E-15;0
lp1x2_dw16_cw04_shiftandadd.vhd;116;0;7.616ns;0;6
lp1x2_dw16_cw04_truncatedplain.vhd;142;0;9.249ns;0.086666666666667;0
lp1x2_dw16_cw04_truncatedplain0dsp.vhd;142;0;9.249ns;0.086666666666667;0
lp1x2_dw16_cw04_truncatedshiftandadd.vhd;141;0;8.514ns;0.086666666666667;7
lp1x2_dw16_cw05_shiftandadd.vhd;116;0;7.616ns;0;6
lp1x2_dw16_cw05_truncatedplain.vhd;222;0;9.751ns;0.009797256024933;0
lp1x2_dw16_cw05_truncatedplain0dsp.vhd;222;0;9.751ns;0.009797256024933;0
lp1x2_dw16_cw05_truncatedshiftandadd.vhd;170;0;9.691ns;0.009797256024933;8
lp1x2_dw16_cw06_shiftandadd.vhd;118;0;8.500ns;0;6
lp1x2_dw16_cw06_truncatedplain.vhd;115;3;11.387ns;0;0
lp1x2_dw16_cw06_truncatedplain0dsp.vhd;264;0;9.732ns;0;0
lp1x2_dw16_cw06_truncatedshiftandadd.vhd;192;0;9.506ns;0;9
lp1x2_dw16_cw07_shiftandadd.vhd;118;0;8.517ns;0;6
lp1x2_dw16_cw07_truncatedplain.vhd;97;4;11.391ns;0.001568215541628;0
lp1x2_dw16_cw07_truncatedplain0dsp.vhd;267;0;9.671ns;0.001568215541628;0
lp1x2_dw16_cw07_truncatedshiftandadd.vhd;218;0;9.916ns;0.001568215541628;10
lp1x2_dw16_cw08_shiftandadd.vhd;123;0;8.517ns;0;6
lp1x2_dw16_cw08_truncatedplain.vhd;101;4;11.675ns;0.001827590077408;0
lp1x2_dw16_cw08_truncatedplain0dsp.vhd;258;0;10.494ns;0.001827590077408;0
lp1x2_dw16_cw08_truncatedshiftandadd.vhd;223;0;9.486ns;0.001827590077408;10
lp1x2_dw16_cw09_shiftandadd.vhd;113;0;7.621ns;0;6
lp1x2_dw16_cw09_truncatedplain.vhd;105;4;11.425ns;0.003333333333333;0
lp1x2_dw16_cw09_truncatedplain0dsp.vhd;494;0;11.369ns;0.003333333333333;0
lp1x2_dw16_cw09_truncatedshiftandadd.vhd;281;0;11.751ns;0.003333333333333;12
lp1x2_dw16_cw10_shiftandadd.vhd;113;0;7.621ns;0;6
lp1x2_dw16_cw10_truncatedplain.vhd;109;4;11.853ns;0.00125;0
lp1x2_dw16_cw10_truncatedplain0dsp.vhd;453;0;11.715ns;0.00125;0
lp1x2_dw16_cw10_truncatedshiftandadd.vhd;280;0;9.753ns;0.00125;12
lp1x3_dw08_cw00_fixiir.vhd;190;0;9.860ns;4.34374758384593E-15;0
lp1x3_dw08_cw04_shiftandadd.vhd;86;0;7.235ns;0;7
lp1x3_dw08_cw04_truncatedplain.vhd;89;0;8.342ns;0.096666666666667;0
lp1x3_dw08_cw04_truncatedplain0dsp.vhd;89;0;8.342ns;0.096666666666667;0
lp1x3_dw08_cw04_truncatedshiftandadd.vhd;90;0;8.581ns;0.096666666666667;7
lp1x3_dw08_cw05_shiftandadd.vhd;89;0;7.260ns;0;7
lp1x3_dw08_cw05_truncatedplain.vhd;109;0;8.616ns;0.055;0
lp1x3_dw08_cw05_truncatedplain0dsp.vhd;109;0;8.616ns;0.055;0
lp1x3_dw08_cw05_truncatedshiftandadd.vhd;103;0;8.080ns;0.055;8
lp1x3_dw08_cw06_shiftandadd.vhd;82;0;7.406ns;0;6
lp1x3_dw08_cw06_truncatedplain.vhd;108;1;9.339ns;0.034166666666667;0
lp1x3_dw08_cw06_truncatedplain0dsp.vhd;134;0;9.273ns;0.034166666666667;0
lp1x3_dw08_cw06_truncatedshiftandadd.vhd;108;0;8.975ns;0.034166666666667;8
lp1x3_dw08_cw07_shiftandadd.vhd;82;0;7.406ns;0;6
lp1x3_dw08_cw07_truncatedplain.vhd;93;2;9.698ns;0.0003125;0
lp1x3_dw08_cw07_truncatedplain0dsp.vhd;146;0;9.495ns;0.0003125;0
lp1x3_dw08_cw07_truncatedshiftandadd.vhd;128;0;8.659ns;0.0003125;9
lp1x3_dw08_cw08_shiftandadd.vhd;84;0;7.225ns;0;6
lp1x3_dw08_cw08_truncatedplain.vhd;102;2;10.089ns;0.0003125;0
lp1x3_dw08_cw08_truncatedplain0dsp.vhd;154;0;9.022ns;0.0003125;0
lp1x3_dw08_cw08_truncatedshiftandadd.vhd;128;0;8.845ns;0.0003125;9
lp1x3_dw08_cw09_shiftandadd.vhd;81;0;7.324ns;0;6
lp1x3_dw08_cw09_truncatedplain.vhd;105;2;9.893ns;0.001225941129425;0
lp1x3_dw08_cw09_truncatedplain0dsp.vhd;191;0;9.539ns;0.001225941129425;0
lp1x3_dw08_cw09_truncatedshiftandadd.vhd;149;0;9.434ns;0.001225941129425;10
lp1x3_dw08_cw10_shiftandadd.vhd;89;0;7.184ns;0;6
lp1x3_dw08_cw10_truncatedplain.vhd;105;2;9.349ns;0;0
lp1x3_dw08_cw10_truncatedplain0dsp.vhd;170;0;8.962ns;0;0
lp1x3_dw08_cw10_truncatedshiftandadd.vhd;167;0;9.457ns;0;11
lp1x3_dw12_cw00_fixiir.vhd;347;0;10.452ns;4.34374758384593E-15;0
lp1x3_dw12_cw04_shiftandadd.vhd;109;0;7.479ns;0;7
lp1x3_dw12_cw04_truncatedplain.vhd;112;0;8.307ns;0.096666666666667;0
lp1x3_dw12_cw04_truncatedplain0dsp.vhd;112;0;8.307ns;0.096666666666667;0
lp1x3_dw12_cw04_truncatedshiftandadd.vhd;113;0;8.570ns;0.096666666666667;7
lp1x3_dw12_cw05_shiftandadd.vhd;112;0;7.367ns;0;7
lp1x3_dw12_cw05_truncatedplain.vhd;136;0;9.009ns;0.055;0
lp1x3_dw12_cw05_truncatedplain0dsp.vhd;136;0;9.009ns;0.055;0
lp1x3_dw12_cw05_truncatedshiftandadd.vhd;130;0;8.510ns;0.055;8
lp1x3_dw12_cw06_shiftandadd.vhd;101;0;7.330ns;0;6
lp1x3_dw12_cw06_truncatedplain.vhd;119;2;9.822ns;0.034166666666667;0
lp1x3_dw12_cw06_truncatedplain0dsp.vhd;177;0;8.993ns;0.034166666666667;0
lp1x3_dw12_cw06_truncatedshiftandadd.vhd;135;0;9.184ns;0.034166666666667;8
lp1x3_dw12_cw07_shiftandadd.vhd;101;0;7.330ns;0;6
lp1x3_dw12_cw07_truncatedplain.vhd;79;4;11.308ns;0.0003125;0
lp1x3_dw12_cw07_truncatedplain0dsp.vhd;192;0;9.399ns;0.0003125;0
lp1x3_dw12_cw07_truncatedshiftandadd.vhd;159;0;9.167ns;0.0003125;9
lp1x3_dw12_cw08_shiftandadd.vhd;103;0;7.372ns;0;6
lp1x3_dw12_cw08_truncatedplain.vhd;83;4;11.506ns;0.0003125;0
lp1x3_dw12_cw08_truncatedplain0dsp.vhd;192;0;10.065ns;0.0003125;0
lp1x3_dw12_cw08_truncatedshiftandadd.vhd;159;0;9.167ns;0.0003125;9
lp1x3_dw12_cw09_shiftandadd.vhd;100;0;7.342ns;0;6
lp1x3_dw12_cw09_truncatedplain.vhd;87;4;11.641ns;0.001225941129425;0
lp1x3_dw12_cw09_truncatedplain0dsp.vhd;243;0;9.968ns;0.001225941129425;0
lp1x3_dw12_cw09_truncatedshiftandadd.vhd;184;0;9.545ns;0.001225941129425;10
lp1x3_dw12_cw10_shiftandadd.vhd;108;0;7.422ns;0;6
lp1x3_dw12_cw10_truncatedplain.vhd;91;4;11.355ns;0;0
lp1x3_dw12_cw10_truncatedplain0dsp.vhd;221;0;9.933ns;0;0
lp1x3_dw12_cw10_truncatedshiftandadd.vhd;206;0;9.084ns;0;11
lp1x3_dw16_cw00_fixiir.vhd;480;0;10.700ns;4.34374758384593E-15;0
lp1x3_dw16_cw04_shiftandadd.vhd;137;0;7.555ns;0;7
lp1x3_dw16_cw04_truncatedplain.vhd;140;0;8.556ns;0.096666666666667;0
lp1x3_dw16_cw04_truncatedplain0dsp.vhd;140;0;8.556ns;0.096666666666667;0
lp1x3_dw16_cw04_truncatedshiftandadd.vhd;141;0;8.339ns;0.096666666666667;7
lp1x3_dw16_cw05_shiftandadd.vhd;140;0;7.653ns;0;7
lp1x3_dw16_cw05_truncatedplain.vhd;168;0;9.055ns;0.055;0
lp1x3_dw16_cw05_truncatedplain0dsp.vhd;168;0;9.055ns;0.055;0
lp1x3_dw16_cw05_truncatedshiftandadd.vhd;162;0;8.609ns;0.055;8
lp1x3_dw16_cw06_shiftandadd.vhd;125;0;7.637ns;0;6
lp1x3_dw16_cw06_truncatedplain.vhd;147;2;9.707ns;0.034166666666667;0
lp1x3_dw16_cw06_truncatedplain0dsp.vhd;221;0;10.136ns;0.034166666666667;0
lp1x3_dw16_cw06_truncatedshiftandadd.vhd;167;0;9.759ns;0.034166666666667;8
lp1x3_dw16_cw07_shiftandadd.vhd;125;0;7.637ns;0;6
lp1x3_dw16_cw07_truncatedplain.vhd;95;4;11.655ns;0.0003125;0
lp1x3_dw16_cw07_truncatedplain0dsp.vhd;236;0;9.491ns;0.0003125;0
lp1x3_dw16_cw07_truncatedshiftandadd.vhd;195;0;9.288ns;0.0003125;9
lp1x3_dw16_cw08_shiftandadd.vhd;127;0;7.527ns;0;6
lp1x3_dw16_cw08_truncatedplain.vhd;99;4;11.562ns;0.0003125;0
lp1x3_dw16_cw08_truncatedplain0dsp.vhd;231;0;9.939ns;0.0003125;0
lp1x3_dw16_cw08_truncatedshiftandadd.vhd;195;0;9.288ns;0.0003125;9
lp1x3_dw16_cw09_shiftandadd.vhd;124;0;7.692ns;0;6
lp1x3_dw16_cw09_truncatedplain.vhd;103;4;11.766ns;0.001225941129425;0
lp1x3_dw16_cw09_truncatedplain0dsp.vhd;303;0;10.234ns;0.001225941129425;0
lp1x3_dw16_cw09_truncatedshiftandadd.vhd;224;0;10.355ns;0.001225941129425;10
lp1x3_dw16_cw10_shiftandadd.vhd;132;0;7.742ns;0;6
lp1x3_dw16_cw10_truncatedplain.vhd;107;4;11.528ns;0;0
lp1x3_dw16_cw10_truncatedplain0dsp.vhd;269;0;10.671ns;0;0
lp1x3_dw16_cw10_truncatedshiftandadd.vhd;250;0;9.672ns;0;11
lp1x4_dw08_cw00_fixiir.vhd;193;0;9.741ns;1.11022302462516E-16;0
lp1x4_dw08_cw04_truncatedplain.vhd;102;0;7.766ns;0.023333333333333;0
lp1x4_dw08_cw04_truncatedplain0dsp.vhd;102;0;7.766ns;0.023333333333333;0
lp1x4_dw08_cw04_truncatedshiftandadd.vhd;102;0;8.136ns;0.023333333333333;8
lp1x4_dw08_cw05_shiftandadd.vhd;101;0;8.468ns;0;8
lp1x4_dw08_cw05_truncatedplain.vhd;113;0;8.999ns;0.033835455863942;0
lp1x4_dw08_cw05_truncatedplain0dsp.vhd;113;0;8.999ns;0.033835455863942;0
lp1x4_dw08_cw05_truncatedshiftandadd.vhd;99;0;8.829ns;0.033835455863942;8
lp1x4_dw08_cw06_shiftandadd.vhd;106;0;8.140ns;0;8
lp1x4_dw08_cw06_truncatedplain.vhd;129;1;9.437ns;0.0025;0
lp1x4_dw08_cw06_truncatedplain0dsp.vhd;165;0;9.203ns;0.0025;0
lp1x4_dw08_cw06_truncatedshiftandadd.vhd;132;0;9.003ns;0.0025;10
lp1x4_dw08_cw07_shiftandadd.vhd;96;0;9.018ns;0;7
lp1x4_dw08_cw07_truncatedplain.vhd;104;2;9.633ns;0.0025;0
lp1x4_dw08_cw07_truncatedplain0dsp.vhd;159;0;9.377ns;0.0025;0
lp1x4_dw08_cw07_truncatedshiftandadd.vhd;130;0;9.406ns;0.0025;10
lp1x4_dw08_cw08_shiftandadd.vhd;96;0;9.018ns;0;7
lp1x4_dw08_cw08_truncatedplain.vhd;118;2;9.921ns;0.007659842074314;0
lp1x4_dw08_cw08_truncatedplain0dsp.vhd;180;0;9.719ns;0.007659842074314;0
lp1x4_dw08_cw08_truncatedshiftandadd.vhd;149;0;9.224ns;0.007659842074314;10
lp1x4_dw08_cw09_shiftandadd.vhd;96;0;9.016ns;0;7
lp1x4_dw08_cw09_truncatedplain.vhd;134;2;9.972ns;0;0
lp1x4_dw08_cw09_truncatedplain0dsp.vhd;228;0;9.702ns;0;0
lp1x4_dw08_cw09_truncatedshiftandadd.vhd;169;0;9.862ns;0;11
lp1x4_dw08_cw10_shiftandadd.vhd;96;0;9.016ns;0;7
lp1x4_dw08_cw10_truncatedplain.vhd;138;2;10.119ns;0.001197916666667;0
lp1x4_dw08_cw10_truncatedplain0dsp.vhd;217;0;9.630ns;0.001197916666667;0
lp1x4_dw08_cw10_truncatedshiftandadd.vhd;182;0;10.158ns;0.001197916666667;12
lp1x4_dw12_cw00_fixiir.vhd;296;0;9.615ns;1.11022302462516E-16;0
lp1x4_dw12_cw04_truncatedplain.vhd;129;0;8.216ns;0.023333333333333;0
lp1x4_dw12_cw04_truncatedplain0dsp.vhd;129;0;8.216ns;0.023333333333333;0
lp1x4_dw12_cw04_truncatedshiftandadd.vhd;129;0;8.249ns;0.023333333333333;8
lp1x4_dw12_cw05_shiftandadd.vhd;128;0;8.393ns;0;8
lp1x4_dw12_cw05_truncatedplain.vhd;144;0;8.886ns;0.033835455863942;0
lp1x4_dw12_cw05_truncatedplain0dsp.vhd;144;0;8.886ns;0.033835455863942;0
lp1x4_dw12_cw05_truncatedshiftandadd.vhd;126;0;9.209ns;0.033835455863942;8
lp1x4_dw12_cw06_shiftandadd.vhd;133;0;8.819ns;0;8
lp1x4_dw12_cw06_truncatedplain.vhd;133;2;9.734ns;0.0025;0
lp1x4_dw12_cw06_truncatedplain0dsp.vhd;217;0;9.861ns;0.0025;0
lp1x4_dw12_cw06_truncatedshiftandadd.vhd;167;0;9.401ns;0.0025;10
lp1x4_dw12_cw07_shiftandadd.vhd;119;0;9.284ns;0;7
lp1x4_dw12_cw07_truncatedplain.vhd;79;4;11.308ns;0.0025;0
lp1x4_dw12_cw07_truncatedplain0dsp.vhd;206;0;9.300ns;0.0025;0
lp1x4_dw12_cw07_truncatedshiftandadd.vhd;165;0;9.601ns;0.0025;10
lp1x4_dw12_cw08_shiftandadd.vhd;119;0;9.284ns;0;7
lp1x4_dw12_cw08_truncatedplain.vhd;83;4;11.506ns;0.007659842074314;0
lp1x4_dw12_cw08_truncatedplain0dsp.vhd;219;0;9.804ns;0.007659842074314;0
lp1x4_dw12_cw08_truncatedshiftandadd.vhd;185;0;9.541ns;0.007659842074314;10
lp1x4_dw12_cw09_shiftandadd.vhd;119;0;8.962ns;0;7
lp1x4_dw12_cw09_truncatedplain.vhd;86;4;11.435ns;0;0
lp1x4_dw12_cw09_truncatedplain0dsp.vhd;308;0;10.918ns;0;0
lp1x4_dw12_cw09_truncatedshiftandadd.vhd;208;0;9.366ns;0;11
lp1x4_dw12_cw10_shiftandadd.vhd;119;0;8.962ns;0;7
lp1x4_dw12_cw10_truncatedplain.vhd;90;4;11.407ns;0.001197916666667;0
lp1x4_dw12_cw10_truncatedplain0dsp.vhd;302;0;10.991ns;0.001197916666667;0
lp1x4_dw12_cw10_truncatedshiftandadd.vhd;225;0;11.294ns;0.001197916666667;12
lp1x4_dw16_cw00_fixiir.vhd;463;0;10.521ns;1.11022302462516E-16;0
lp1x4_dw16_cw04_truncatedplain.vhd;161;0;8.295ns;0.023333333333333;0
lp1x4_dw16_cw04_truncatedplain0dsp.vhd;161;0;8.295ns;0.023333333333333;0
lp1x4_dw16_cw04_truncatedshiftandadd.vhd;161;0;8.674ns;0.023333333333333;8
lp1x4_dw16_cw05_shiftandadd.vhd;160;0;8.460ns;0;8
lp1x4_dw16_cw05_truncatedplain.vhd;180;0;9.628ns;0.033835455863942;0
lp1x4_dw16_cw05_truncatedplain0dsp.vhd;180;0;9.628ns;0.033835455863942;0
lp1x4_dw16_cw05_truncatedshiftandadd.vhd;158;0;9.612ns;0.033835455863942;8
lp1x4_dw16_cw06_shiftandadd.vhd;165;0;9.124ns;0;8
lp1x4_dw16_cw06_truncatedplain.vhd;165;2;9.826ns;0.0025;0
lp1x4_dw16_cw06_truncatedplain0dsp.vhd;273;0;9.811ns;0.0025;0
lp1x4_dw16_cw06_truncatedshiftandadd.vhd;207;0;9.712ns;0.0025;10
lp1x4_dw16_cw07_shiftandadd.vhd;147;0;9.553ns;0;7
lp1x4_dw16_cw07_truncatedplain.vhd;95;4;11.655ns;0.0025;0
lp1x4_dw16_cw07_truncatedplain0dsp.vhd;254;0;9.767ns;0.0025;0
lp1x4_dw16_cw07_truncatedshiftandadd.vhd;205;0;9.511ns;0.0025;10
lp1x4_dw16_cw08_shiftandadd.vhd;147;0;9.553ns;0;7
lp1x4_dw16_cw08_truncatedplain.vhd;99;4;11.562ns;0.007659842074314;0
lp1x4_dw16_cw08_truncatedplain0dsp.vhd;269;0;9.526ns;0.007659842074314;0
lp1x4_dw16_cw08_truncatedshiftandadd.vhd;225;0;9.215ns;0.007659842074314;10
lp1x4_dw16_cw09_shiftandadd.vhd;147;0;9.381ns;0;7
lp1x4_dw16_cw09_truncatedplain.vhd;102;4;11.503ns;0;0
lp1x4_dw16_cw09_truncatedplain0dsp.vhd;384;0;11.212ns;0;0
lp1x4_dw16_cw09_truncatedshiftandadd.vhd;252;0;10.127ns;0;11
lp1x4_dw16_cw10_shiftandadd.vhd;147;0;9.381ns;0;7
lp1x4_dw16_cw10_truncatedplain.vhd;106;4;11.587ns;0.001197916666667;0
lp1x4_dw16_cw10_truncatedplain0dsp.vhd;379;0;11.711ns;0.001197916666667;0
lp1x4_dw16_cw10_truncatedshiftandadd.vhd;273;0;11.149ns;0.001197916666667;12
lp1x5_dw08_cw05_shiftandadd.vhd;101;0;8.468ns;0;8
lp1x5_dw08_cw06_shiftandadd.vhd;101;0;8.468ns;0;8
lp1x5_dw08_cw07_shiftandadd.vhd;108;0;8.550ns;0;8
lp1x5_dw08_cw08_shiftandadd.vhd;118;0;9.148ns;0;8
lp1x5_dw08_cw09_shiftandadd.vhd;99;0;8.309ns;0;8
lp1x5_dw08_cw10_shiftandadd.vhd;107;0;8.676ns;0;8
lp1x5_dw12_cw05_shiftandadd.vhd;128;0;8.393ns;0;8
lp1x5_dw12_cw06_shiftandadd.vhd;128;0;8.393ns;0;8
lp1x5_dw12_cw07_shiftandadd.vhd;135;0;8.600ns;0;8
lp1x5_dw12_cw08_shiftandadd.vhd;145;0;9.390ns;0;8
lp1x5_dw12_cw09_shiftandadd.vhd;126;0;8.290ns;0;8
lp1x5_dw12_cw10_shiftandadd.vhd;134;0;8.637ns;0;8
lp1x5_dw16_cw05_shiftandadd.vhd;160;0;8.460ns;0;8
lp1x5_dw16_cw06_shiftandadd.vhd;160;0;8.460ns;0;8
lp1x5_dw16_cw07_shiftandadd.vhd;167;0;8.609ns;0;8
lp1x5_dw16_cw08_shiftandadd.vhd;177;0;9.201ns;0;8
lp1x5_dw16_cw09_shiftandadd.vhd;158;0;8.654ns;0;8
lp1x5_dw16_cw10_shiftandadd.vhd;166;0;8.936ns;0;8
lp2x0_dw08_cw00_fixiir.vhd;209;0;9.765ns;4.9960036108132E-16;0
lp2x0_dw08_cw04_shiftandadd.vhd;63;0;7.657ns;0;5
lp2x0_dw08_cw04_truncatedplain.vhd;109;0;8.698ns;0.026368930952694;0
lp2x0_dw08_cw04_truncatedplain0dsp.vhd;109;0;8.698ns;0.026368930952694;0
lp2x0_dw08_cw04_truncatedshiftandadd.vhd;91;0;8.119ns;0.026368930952694;7
lp2x0_dw08_cw05_shiftandadd.vhd;63;0;7.657ns;0;5
lp2x0_dw08_cw05_truncatedplain.vhd;115;0;9.054ns;0.036363636363636;0
lp2x0_dw08_cw05_truncatedplain0dsp.vhd;115;0;9.054ns;0.036363636363636;0
lp2x0_dw08_cw05_truncatedshiftandadd.vhd;108;0;9.028ns;0.036363636363636;8
lp2x0_dw08_cw06_shiftandadd.vhd;61;0;7.367ns;0;5
lp2x0_dw08_cw06_truncatedplain.vhd;125;1;9.420ns;0.007558612425866;0
lp2x0_dw08_cw06_truncatedplain0dsp.vhd;138;0;9.469ns;0.007558612425866;0
lp2x0_dw08_cw06_truncatedshiftandadd.vhd;125;0;9.415ns;0.007558612425866;9
lp2x0_dw08_cw07_shiftandadd.vhd;64;0;7.125ns;0;5
lp2x0_dw08_cw07_truncatedplain.vhd;104;2;9.534ns;0.007558612425866;0
lp2x0_dw08_cw07_truncatedplain0dsp.vhd;151;0;9.043ns;0.007558612425866;0
lp2x0_dw08_cw07_truncatedshiftandadd.vhd;124;0;9.063ns;0.007558612425866;9
lp2x0_dw08_cw08_shiftandadd.vhd;60;0;7.162ns;0;5
lp2x0_dw08_cw08_truncatedplain.vhd;130;2;9.559ns;0.001744186046512;0
lp2x0_dw08_cw08_truncatedplain0dsp.vhd;219;0;9.180ns;0.001744186046512;0
lp2x0_dw08_cw08_truncatedshiftandadd.vhd;171;0;10.466ns;0.001744186046512;11
lp2x0_dw08_cw09_shiftandadd.vhd;63;0;7.201ns;0;5
lp2x0_dw08_cw09_truncatedplain.vhd;133;2;9.818ns;0.001744186046512;0
lp2x0_dw08_cw09_truncatedplain0dsp.vhd;250;0;9.710ns;0.001744186046512;0
lp2x0_dw08_cw09_truncatedshiftandadd.vhd;172;0;10.454ns;0.001744186046512;11
lp2x0_dw08_cw10_shiftandadd.vhd;63;0;7.201ns;0;5
lp2x0_dw08_cw10_truncatedplain.vhd;148;2;11.374ns;0;0
lp2x0_dw08_cw10_truncatedplain0dsp.vhd;262;0;10.993ns;0;0
lp2x0_dw08_cw10_truncatedshiftandadd.vhd;188;0;9.956ns;0;12
lp2x0_dw12_cw00_fixiir.vhd;348;0;10.905ns;4.9960036108132E-16;0
lp2x0_dw12_cw04_shiftandadd.vhd;78;0;7.497ns;0;5
lp2x0_dw12_cw04_truncatedplain.vhd;136;0;8.985ns;0.026368930952694;0
lp2x0_dw12_cw04_truncatedplain0dsp.vhd;136;0;8.985ns;0.026368930952694;0
lp2x0_dw12_cw04_truncatedshiftandadd.vhd;114;0;8.410ns;0.026368930952694;7
lp2x0_dw12_cw05_shiftandadd.vhd;78;0;7.497ns;0;5
lp2x0_dw12_cw05_truncatedplain.vhd;149;0;8.886ns;0.036363636363636;0
lp2x0_dw12_cw05_truncatedplain0dsp.vhd;149;0;8.886ns;0.036363636363636;0
lp2x0_dw12_cw05_truncatedshiftandadd.vhd;135;0;9.498ns;0.036363636363636;8
lp2x0_dw12_cw06_shiftandadd.vhd;76;0;7.665ns;0;5
lp2x0_dw12_cw06_truncatedplain.vhd;110;3;11.057ns;0.007558612425866;0
lp2x0_dw12_cw06_truncatedplain0dsp.vhd;183;0;9.902ns;0.007558612425866;0
lp2x0_dw12_cw06_truncatedshiftandadd.vhd;156;0;9.306ns;0.007558612425866;9
lp2x0_dw12_cw07_shiftandadd.vhd;79;0;7.492ns;0;5
lp2x0_dw12_cw07_truncatedplain.vhd;81;4;11.540ns;0.007558612425866;0
lp2x0_dw12_cw07_truncatedplain0dsp.vhd;198;0;9.592ns;0.007558612425866;0
lp2x0_dw12_cw07_truncatedshiftandadd.vhd;155;0;9.461ns;0.007558612425866;9
lp2x0_dw12_cw08_shiftandadd.vhd;75;0;7.604ns;0;5
lp2x0_dw12_cw08_truncatedplain.vhd;85;4;11.433ns;0.001744186046512;0
lp2x0_dw12_cw08_truncatedplain0dsp.vhd;259;0;10.198ns;0.001744186046512;0
lp2x0_dw12_cw08_truncatedshiftandadd.vhd;214;0;10.808ns;0.001744186046512;11
lp2x0_dw12_cw09_shiftandadd.vhd;78;0;7.318ns;0;5
lp2x0_dw12_cw09_truncatedplain.vhd;89;4;11.237ns;0.001744186046512;0
lp2x0_dw12_cw09_truncatedplain0dsp.vhd;331;0;10.493ns;0.001744186046512;0
lp2x0_dw12_cw09_truncatedshiftandadd.vhd;215;0;11.043ns;0.001744186046512;11
lp2x0_dw12_cw10_shiftandadd.vhd;78;0;7.329ns;0;5
lp2x0_dw12_cw10_truncatedplain.vhd;93;4;11.608ns;0;0
lp2x0_dw12_cw10_truncatedplain0dsp.vhd;332;0;11.857ns;0;0
lp2x0_dw12_cw10_truncatedshiftandadd.vhd;231;0;10.660ns;0;12
lp2x0_dw16_cw00_fixiir.vhd;487;0;11.187ns;4.9960036108132E-16;0
lp2x0_dw16_cw04_shiftandadd.vhd;98;0;7.452ns;0;5
lp2x0_dw16_cw04_truncatedplain.vhd;168;0;9.247ns;0.026368930952694;0
lp2x0_dw16_cw04_truncatedplain0dsp.vhd;168;0;9.247ns;0.026368930952694;0
lp2x0_dw16_cw04_truncatedshiftandadd.vhd;142;0;8.465ns;0.026368930952694;7
lp2x0_dw16_cw05_shiftandadd.vhd;98;0;7.452ns;0;5
lp2x0_dw16_cw05_truncatedplain.vhd;185;0;9.880ns;0.036363636363636;0
lp2x0_dw16_cw05_truncatedplain0dsp.vhd;185;0;9.880ns;0.036363636363636;0
lp2x0_dw16_cw05_truncatedshiftandadd.vhd;167;0;9.525ns;0.036363636363636;8
lp2x0_dw16_cw06_shiftandadd.vhd;96;0;7.446ns;0;5
lp2x0_dw16_cw06_truncatedplain.vhd;134;3;11.456ns;0.007558612425866;0
lp2x0_dw16_cw06_truncatedplain0dsp.vhd;227;0;10.126ns;0.007558612425866;0
lp2x0_dw16_cw06_truncatedshiftandadd.vhd;192;0;9.841ns;0.007558612425866;9
lp2x0_dw16_cw07_shiftandadd.vhd;99;0;7.576ns;0;5
lp2x0_dw16_cw07_truncatedplain.vhd;97;4;11.391ns;0.007558612425866;0
lp2x0_dw16_cw07_truncatedplain0dsp.vhd;246;0;10.089ns;0.007558612425866;0
lp2x0_dw16_cw07_truncatedshiftandadd.vhd;191;0;9.619ns;0.007558612425866;9
lp2x0_dw16_cw08_shiftandadd.vhd;95;0;7.340ns;0;5
lp2x0_dw16_cw08_truncatedplain.vhd;101;4;11.675ns;0.001744186046512;0
lp2x0_dw16_cw08_truncatedplain0dsp.vhd;315;0;10.580ns;0.001744186046512;0
lp2x0_dw16_cw08_truncatedshiftandadd.vhd;262;0;10.719ns;0.001744186046512;11
lp2x0_dw16_cw09_shiftandadd.vhd;98;0;7.406ns;0;5
lp2x0_dw16_cw09_truncatedplain.vhd;105;4;11.425ns;0.001744186046512;0
lp2x0_dw16_cw09_truncatedplain0dsp.vhd;412;0;11.850ns;0.001744186046512;0
lp2x0_dw16_cw09_truncatedshiftandadd.vhd;263;0;11.158ns;0.001744186046512;11
lp2x0_dw16_cw10_shiftandadd.vhd;98;0;7.407ns;0;5
lp2x0_dw16_cw10_truncatedplain.vhd;109;4;11.853ns;0;0
lp2x0_dw16_cw10_truncatedplain0dsp.vhd;412;0;11.922ns;0;0
lp2x0_dw16_cw10_truncatedshiftandadd.vhd;279;0;10.363ns;0;12
lp2x1_dw08_cw00_fixiir.vhd;209;0;9.765ns;4.9960036108132E-16;0
lp2x1_dw08_cw04_shiftandadd.vhd;63;0;7.657ns;0;5
lp2x1_dw08_cw04_truncatedplain.vhd;109;0;8.698ns;0.026368930952694;0
lp2x1_dw08_cw04_truncatedplain0dsp.vhd;109;0;8.698ns;0.026368930952694;0
lp2x1_dw08_cw04_truncatedshiftandadd.vhd;91;0;8.119ns;0.026368930952694;7
lp2x1_dw08_cw05_shiftandadd.vhd;63;0;7.657ns;0;5
lp2x1_dw08_cw05_truncatedplain.vhd;115;0;9.054ns;0.036363636363636;0
lp2x1_dw08_cw05_truncatedplain0dsp.vhd;115;0;9.054ns;0.036363636363636;0
lp2x1_dw08_cw05_truncatedshiftandadd.vhd;108;0;9.028ns;0.036363636363636;8
lp2x1_dw08_cw06_shiftandadd.vhd;63;0;7.657ns;0;5
lp2x1_dw08_cw06_truncatedplain.vhd;125;1;9.420ns;0.007558612425866;0
lp2x1_dw08_cw06_truncatedplain0dsp.vhd;138;0;9.469ns;0.007558612425866;0
lp2x1_dw08_cw06_truncatedshiftandadd.vhd;125;0;9.415ns;0.007558612425866;9
lp2x1_dw08_cw07_shiftandadd.vhd;63;0;7.657ns;0;5
lp2x1_dw08_cw07_truncatedplain.vhd;104;2;9.534ns;0.007558612425866;0
lp2x1_dw08_cw07_truncatedplain0dsp.vhd;151;0;9.043ns;0.007558612425866;0
lp2x1_dw08_cw07_truncatedshiftandadd.vhd;124;0;9.063ns;0.007558612425866;9
lp2x1_dw08_cw08_shiftandadd.vhd;63;0;7.201ns;0;5
lp2x1_dw08_cw08_truncatedplain.vhd;130;2;9.559ns;0.001744186046512;0
lp2x1_dw08_cw08_truncatedplain0dsp.vhd;219;0;9.180ns;0.001744186046512;0
lp2x1_dw08_cw08_truncatedshiftandadd.vhd;171;0;10.466ns;0.001744186046512;11
lp2x1_dw08_cw09_shiftandadd.vhd;63;0;7.201ns;0;5
lp2x1_dw08_cw09_truncatedplain.vhd;133;2;9.818ns;0.001744186046512;0
lp2x1_dw08_cw09_truncatedplain0dsp.vhd;250;0;9.710ns;0.001744186046512;0
lp2x1_dw08_cw09_truncatedshiftandadd.vhd;172;0;10.454ns;0.001744186046512;11
lp2x1_dw08_cw10_shiftandadd.vhd;64;0;7.456ns;0;5
lp2x1_dw08_cw10_truncatedplain.vhd;148;2;11.374ns;0;0
lp2x1_dw08_cw10_truncatedplain0dsp.vhd;262;0;10.993ns;0;0
lp2x1_dw08_cw10_truncatedshiftandadd.vhd;188;0;9.956ns;0;12
lp2x1_dw12_cw00_fixiir.vhd;348;0;10.905ns;4.9960036108132E-16;0
lp2x1_dw12_cw04_shiftandadd.vhd;78;0;7.497ns;0;5
lp2x1_dw12_cw04_truncatedplain.vhd;136;0;8.985ns;0.026368930952694;0
lp2x1_dw12_cw04_truncatedplain0dsp.vhd;136;0;8.985ns;0.026368930952694;0
lp2x1_dw12_cw04_truncatedshiftandadd.vhd;114;0;8.410ns;0.026368930952694;7
lp2x1_dw12_cw05_shiftandadd.vhd;78;0;7.497ns;0;5
lp2x1_dw12_cw05_truncatedplain.vhd;149;0;8.886ns;0.036363636363636;0
lp2x1_dw12_cw05_truncatedplain0dsp.vhd;149;0;8.886ns;0.036363636363636;0
lp2x1_dw12_cw05_truncatedshiftandadd.vhd;135;0;9.498ns;0.036363636363636;8
lp2x1_dw12_cw06_shiftandadd.vhd;78;0;7.501ns;0;5
lp2x1_dw12_cw06_truncatedplain.vhd;110;3;11.057ns;0.007558612425866;0
lp2x1_dw12_cw06_truncatedplain0dsp.vhd;183;0;9.902ns;0.007558612425866;0
lp2x1_dw12_cw06_truncatedshiftandadd.vhd;156;0;9.306ns;0.007558612425866;9
lp2x1_dw12_cw07_shiftandadd.vhd;78;0;7.501ns;0;5
lp2x1_dw12_cw07_truncatedplain.vhd;81;4;11.540ns;0.007558612425866;0
lp2x1_dw12_cw07_truncatedplain0dsp.vhd;198;0;9.592ns;0.007558612425866;0
lp2x1_dw12_cw07_truncatedshiftandadd.vhd;155;0;9.461ns;0.007558612425866;9
lp2x1_dw12_cw08_shiftandadd.vhd;78;0;7.318ns;0;5
lp2x1_dw12_cw08_truncatedplain.vhd;85;4;11.433ns;0.001744186046512;0
lp2x1_dw12_cw08_truncatedplain0dsp.vhd;259;0;10.198ns;0.001744186046512;0
lp2x1_dw12_cw08_truncatedshiftandadd.vhd;214;0;10.808ns;0.001744186046512;11
lp2x1_dw12_cw09_shiftandadd.vhd;78;0;7.318ns;0;5
lp2x1_dw12_cw09_truncatedplain.vhd;89;4;11.237ns;0.001744186046512;0
lp2x1_dw12_cw09_truncatedplain0dsp.vhd;331;0;10.493ns;0.001744186046512;0
lp2x1_dw12_cw09_truncatedshiftandadd.vhd;215;0;11.043ns;0.001744186046512;11
lp2x1_dw12_cw10_shiftandadd.vhd;79;0;7.260ns;0;5
lp2x1_dw12_cw10_truncatedplain.vhd;93;4;11.608ns;0;0
lp2x1_dw12_cw10_truncatedplain0dsp.vhd;332;0;11.857ns;0;0
lp2x1_dw12_cw10_truncatedshiftandadd.vhd;231;0;10.660ns;0;12
lp2x1_dw16_cw00_fixiir.vhd;487;0;11.187ns;4.9960036108132E-16;0
lp2x1_dw16_cw04_shiftandadd.vhd;98;0;7.452ns;0;5
lp2x1_dw16_cw04_truncatedplain.vhd;168;0;9.247ns;0.026368930952694;0
lp2x1_dw16_cw04_truncatedplain0dsp.vhd;168;0;9.247ns;0.026368930952694;0
lp2x1_dw16_cw04_truncatedshiftandadd.vhd;142;0;8.465ns;0.026368930952694;7
lp2x1_dw16_cw05_shiftandadd.vhd;98;0;7.452ns;0;5
lp2x1_dw16_cw05_truncatedplain.vhd;185;0;9.880ns;0.036363636363636;0
lp2x1_dw16_cw05_truncatedplain0dsp.vhd;185;0;9.880ns;0.036363636363636;0
lp2x1_dw16_cw05_truncatedshiftandadd.vhd;167;0;9.525ns;0.036363636363636;8
lp2x1_dw16_cw06_shiftandadd.vhd;98;0;7.447ns;0;5
lp2x1_dw16_cw06_truncatedplain.vhd;134;3;11.456ns;0.007558612425866;0
lp2x1_dw16_cw06_truncatedplain0dsp.vhd;227;0;10.126ns;0.007558612425866;0
lp2x1_dw16_cw06_truncatedshiftandadd.vhd;192;0;9.841ns;0.007558612425866;9
lp2x1_dw16_cw07_shiftandadd.vhd;98;0;7.449ns;0;5
lp2x1_dw16_cw07_truncatedplain.vhd;97;4;11.391ns;0.007558612425866;0
lp2x1_dw16_cw07_truncatedplain0dsp.vhd;246;0;10.089ns;0.007558612425866;0
lp2x1_dw16_cw07_truncatedshiftandadd.vhd;191;0;9.619ns;0.007558612425866;9
lp2x1_dw16_cw08_shiftandadd.vhd;98;0;7.406ns;0;5
lp2x1_dw16_cw08_truncatedplain.vhd;101;4;11.675ns;0.001744186046512;0
lp2x1_dw16_cw08_truncatedplain0dsp.vhd;315;0;10.580ns;0.001744186046512;0
lp2x1_dw16_cw08_truncatedshiftandadd.vhd;262;0;10.719ns;0.001744186046512;11
lp2x1_dw16_cw09_shiftandadd.vhd;98;0;7.406ns;0;5
lp2x1_dw16_cw09_truncatedplain.vhd;105;4;11.425ns;0.001744186046512;0
lp2x1_dw16_cw09_truncatedplain0dsp.vhd;412;0;11.850ns;0.001744186046512;0
lp2x1_dw16_cw09_truncatedshiftandadd.vhd;263;0;11.158ns;0.001744186046512;11
lp2x1_dw16_cw10_shiftandadd.vhd;99;0;7.461ns;0;5
lp2x1_dw16_cw10_truncatedplain.vhd;109;4;11.853ns;0;0
lp2x1_dw16_cw10_truncatedplain0dsp.vhd;412;0;11.922ns;0;0
lp2x1_dw16_cw10_truncatedshiftandadd.vhd;279;0;10.363ns;0;12
lp2x2_dw08_cw00_fixiir.vhd;209;0;9.765ns;4.9960036108132E-16;0
lp2x2_dw08_cw04_shiftandadd.vhd;91;0;8.360ns;0;7
lp2x2_dw08_cw04_truncatedplain.vhd;109;0;8.698ns;0.026368930952694;0
lp2x2_dw08_cw04_truncatedplain0dsp.vhd;109;0;8.698ns;0.026368930952694;0
lp2x2_dw08_cw04_truncatedshiftandadd.vhd;91;0;8.119ns;0.026368930952694;7
lp2x2_dw08_cw05_shiftandadd.vhd;87;0;7.301ns;0;7
lp2x2_dw08_cw05_truncatedplain.vhd;115;0;9.054ns;0.036363636363636;0
lp2x2_dw08_cw05_truncatedplain0dsp.vhd;115;0;9.054ns;0.036363636363636;0
lp2x2_dw08_cw05_truncatedshiftandadd.vhd;108;0;9.028ns;0.036363636363636;8
lp2x2_dw08_cw06_shiftandadd.vhd;87;0;7.301ns;0;7
lp2x2_dw08_cw06_truncatedplain.vhd;125;1;9.420ns;0.007558612425866;0
lp2x2_dw08_cw06_truncatedplain0dsp.vhd;138;0;9.469ns;0.007558612425866;0
lp2x2_dw08_cw06_truncatedshiftandadd.vhd;125;0;9.415ns;0.007558612425866;9
lp2x2_dw08_cw07_shiftandadd.vhd;95;0;7.269ns;0;7
lp2x2_dw08_cw07_truncatedplain.vhd;104;2;9.534ns;0.007558612425866;0
lp2x2_dw08_cw07_truncatedplain0dsp.vhd;151;0;9.043ns;0.007558612425866;0
lp2x2_dw08_cw07_truncatedshiftandadd.vhd;124;0;9.063ns;0.007558612425866;9
lp2x2_dw08_cw08_shiftandadd.vhd;89;0;9.202ns;0;7
lp2x2_dw08_cw08_truncatedplain.vhd;130;2;9.559ns;0.001744186046512;0
lp2x2_dw08_cw08_truncatedplain0dsp.vhd;219;0;9.180ns;0.001744186046512;0
lp2x2_dw08_cw08_truncatedshiftandadd.vhd;171;0;10.466ns;0.001744186046512;11
lp2x2_dw08_cw09_shiftandadd.vhd;91;0;8.277ns;0;7
lp2x2_dw08_cw09_truncatedplain.vhd;133;2;9.818ns;0.001744186046512;0
lp2x2_dw08_cw09_truncatedplain0dsp.vhd;250;0;9.710ns;0.001744186046512;0
lp2x2_dw08_cw09_truncatedshiftandadd.vhd;172;0;10.454ns;0.001744186046512;11
lp2x2_dw08_cw10_shiftandadd.vhd;100;0;7.469ns;0;7
lp2x2_dw08_cw10_truncatedplain.vhd;148;2;11.374ns;0;0
lp2x2_dw08_cw10_truncatedplain0dsp.vhd;262;0;10.993ns;0;0
lp2x2_dw08_cw10_truncatedshiftandadd.vhd;188;0;9.956ns;0;12
lp2x2_dw12_cw00_fixiir.vhd;348;0;10.905ns;4.9960036108132E-16;0
lp2x2_dw12_cw04_shiftandadd.vhd;114;0;8.531ns;0;7
lp2x2_dw12_cw04_truncatedplain.vhd;136;0;8.985ns;0.026368930952694;0
lp2x2_dw12_cw04_truncatedplain0dsp.vhd;136;0;8.985ns;0.026368930952694;0
lp2x2_dw12_cw04_truncatedshiftandadd.vhd;114;0;8.410ns;0.026368930952694;7
lp2x2_dw12_cw05_shiftandadd.vhd;111;0;7.442ns;0;7
lp2x2_dw12_cw05_truncatedplain.vhd;149;0;8.886ns;0.036363636363636;0
lp2x2_dw12_cw05_truncatedplain0dsp.vhd;149;0;8.886ns;0.036363636363636;0
lp2x2_dw12_cw05_truncatedshiftandadd.vhd;135;0;9.498ns;0.036363636363636;8
lp2x2_dw12_cw06_shiftandadd.vhd;111;0;7.442ns;0;7
lp2x2_dw12_cw06_truncatedplain.vhd;110;3;11.057ns;0.007558612425866;0
lp2x2_dw12_cw06_truncatedplain0dsp.vhd;183;0;9.902ns;0.007558612425866;0
lp2x2_dw12_cw06_truncatedshiftandadd.vhd;156;0;9.306ns;0.007558612425866;9
lp2x2_dw12_cw07_shiftandadd.vhd;118;0;7.736ns;0;7
lp2x2_dw12_cw07_truncatedplain.vhd;81;4;11.540ns;0.007558612425866;0
lp2x2_dw12_cw07_truncatedplain0dsp.vhd;198;0;9.592ns;0.007558612425866;0
lp2x2_dw12_cw07_truncatedshiftandadd.vhd;155;0;9.461ns;0.007558612425866;9
lp2x2_dw12_cw08_shiftandadd.vhd;112;0;9.139ns;0;7
lp2x2_dw12_cw08_truncatedplain.vhd;85;4;11.433ns;0.001744186046512;0
lp2x2_dw12_cw08_truncatedplain0dsp.vhd;259;0;10.198ns;0.001744186046512;0
lp2x2_dw12_cw08_truncatedshiftandadd.vhd;214;0;10.808ns;0.001744186046512;11
lp2x2_dw12_cw09_shiftandadd.vhd;114;0;8.383ns;0;7
lp2x2_dw12_cw09_truncatedplain.vhd;89;4;11.237ns;0.001744186046512;0
lp2x2_dw12_cw09_truncatedplain0dsp.vhd;331;0;10.493ns;0.001744186046512;0
lp2x2_dw12_cw09_truncatedshiftandadd.vhd;215;0;11.043ns;0.001744186046512;11
lp2x2_dw12_cw10_shiftandadd.vhd;123;0;7.724ns;0;7
lp2x2_dw12_cw10_truncatedplain.vhd;93;4;11.608ns;0;0
lp2x2_dw12_cw10_truncatedplain0dsp.vhd;332;0;11.857ns;0;0
lp2x2_dw12_cw10_truncatedshiftandadd.vhd;231;0;10.660ns;0;12
lp2x2_dw16_cw00_fixiir.vhd;487;0;11.187ns;4.9960036108132E-16;0
lp2x2_dw16_cw04_shiftandadd.vhd;142;0;8.798ns;0;7
lp2x2_dw16_cw04_truncatedplain.vhd;168;0;9.247ns;0.026368930952694;0
lp2x2_dw16_cw04_truncatedplain0dsp.vhd;168;0;9.247ns;0.026368930952694;0
lp2x2_dw16_cw04_truncatedshiftandadd.vhd;142;0;8.465ns;0.026368930952694;7
lp2x2_dw16_cw05_shiftandadd.vhd;139;0;7.820ns;0;7
lp2x2_dw16_cw05_truncatedplain.vhd;185;0;9.880ns;0.036363636363636;0
lp2x2_dw16_cw05_truncatedplain0dsp.vhd;185;0;9.880ns;0.036363636363636;0
lp2x2_dw16_cw05_truncatedshiftandadd.vhd;167;0;9.525ns;0.036363636363636;8
lp2x2_dw16_cw06_shiftandadd.vhd;139;0;7.820ns;0;7
lp2x2_dw16_cw06_truncatedplain.vhd;134;3;11.456ns;0.007558612425866;0
lp2x2_dw16_cw06_truncatedplain0dsp.vhd;227;0;10.126ns;0.007558612425866;0
lp2x2_dw16_cw06_truncatedshiftandadd.vhd;192;0;9.841ns;0.007558612425866;9
lp2x2_dw16_cw07_shiftandadd.vhd;146;0;7.490ns;0;7
lp2x2_dw16_cw07_truncatedplain.vhd;97;4;11.391ns;0.007558612425866;0
lp2x2_dw16_cw07_truncatedplain0dsp.vhd;246;0;10.089ns;0.007558612425866;0
lp2x2_dw16_cw07_truncatedshiftandadd.vhd;191;0;9.619ns;0.007558612425866;9
lp2x2_dw16_cw08_shiftandadd.vhd;140;0;9.585ns;0;7
lp2x2_dw16_cw08_truncatedplain.vhd;101;4;11.675ns;0.001744186046512;0
lp2x2_dw16_cw08_truncatedplain0dsp.vhd;315;0;10.580ns;0.001744186046512;0
lp2x2_dw16_cw08_truncatedshiftandadd.vhd;262;0;10.719ns;0.001744186046512;11
lp2x2_dw16_cw09_shiftandadd.vhd;142;0;8.623ns;0;7
lp2x2_dw16_cw09_truncatedplain.vhd;105;4;11.425ns;0.001744186046512;0
lp2x2_dw16_cw09_truncatedplain0dsp.vhd;412;0;11.850ns;0.001744186046512;0
lp2x2_dw16_cw09_truncatedshiftandadd.vhd;263;0;11.158ns;0.001744186046512;11
lp2x2_dw16_cw10_shiftandadd.vhd;151;0;7.440ns;0;7
lp2x2_dw16_cw10_truncatedplain.vhd;109;4;11.853ns;0;0
lp2x2_dw16_cw10_truncatedplain0dsp.vhd;412;0;11.922ns;0;0
lp2x2_dw16_cw10_truncatedshiftandadd.vhd;279;0;10.363ns;0;12
lp2x3_dw08_cw06_shiftandadd.vhd;108;0;8.052ns;0;8
lp2x3_dw08_cw07_shiftandadd.vhd;106;0;8.416ns;0;8
lp2x3_dw08_cw08_shiftandadd.vhd;106;0;8.307ns;0;8
lp2x3_dw08_cw09_shiftandadd.vhd;123;0;8.829ns;0;8
lp2x3_dw08_cw10_shiftandadd.vhd;122;0;9.258ns;0;8
lp2x3_dw12_cw06_shiftandadd.vhd;135;0;8.318ns;0;8
lp2x3_dw12_cw07_shiftandadd.vhd;133;0;8.280ns;0;8
lp2x3_dw12_cw08_shiftandadd.vhd;133;0;8.568ns;0;8
lp2x3_dw12_cw09_shiftandadd.vhd;150;0;8.804ns;0;8
lp2x3_dw12_cw10_shiftandadd.vhd;149;0;9.772ns;0;8
lp2x3_dw16_cw06_shiftandadd.vhd;167;0;8.311ns;0;8
lp2x3_dw16_cw07_shiftandadd.vhd;165;0;8.469ns;0;8
lp2x3_dw16_cw08_shiftandadd.vhd;165;0;8.730ns;0;8
lp2x3_dw16_cw09_shiftandadd.vhd;182;0;8.832ns;0;8
lp2x3_dw16_cw10_shiftandadd.vhd;181;0;9.880ns;0;8
lp3x0_dw08_cw00_fixiir.vhd;209;0;9.765ns;4.9960036108132E-16;0
lp3x0_dw08_cw04_shiftandadd.vhd;63;0;7.657ns;0;5
lp3x0_dw08_cw04_truncatedplain.vhd;109;0;8.698ns;0.026368930952694;0
lp3x0_dw08_cw04_truncatedplain0dsp.vhd;109;0;8.698ns;0.026368930952694;0
lp3x0_dw08_cw04_truncatedshiftandadd.vhd;91;0;8.119ns;0.026368930952694;7
lp3x0_dw08_cw05_shiftandadd.vhd;63;0;7.657ns;0;5
lp3x0_dw08_cw05_truncatedplain.vhd;115;0;9.054ns;0.036363636363636;0
lp3x0_dw08_cw05_truncatedplain0dsp.vhd;115;0;9.054ns;0.036363636363636;0
lp3x0_dw08_cw05_truncatedshiftandadd.vhd;108;0;9.028ns;0.036363636363636;8
lp3x0_dw08_cw06_shiftandadd.vhd;61;0;7.367ns;0;5
lp3x0_dw08_cw06_truncatedplain.vhd;125;1;9.420ns;0.007558612425866;0
lp3x0_dw08_cw06_truncatedplain0dsp.vhd;138;0;9.469ns;0.007558612425866;0
lp3x0_dw08_cw06_truncatedshiftandadd.vhd;125;0;9.415ns;0.007558612425866;9
lp3x0_dw08_cw07_shiftandadd.vhd;64;0;7.125ns;0;5
lp3x0_dw08_cw07_truncatedplain.vhd;104;2;9.534ns;0.007558612425866;0
lp3x0_dw08_cw07_truncatedplain0dsp.vhd;151;0;9.043ns;0.007558612425866;0
lp3x0_dw08_cw07_truncatedshiftandadd.vhd;124;0;9.063ns;0.007558612425866;9
lp3x0_dw08_cw08_shiftandadd.vhd;60;0;7.162ns;0;5
lp3x0_dw08_cw08_truncatedplain.vhd;130;2;9.559ns;0.001744186046512;0
lp3x0_dw08_cw08_truncatedplain0dsp.vhd;219;0;9.180ns;0.001744186046512;0
lp3x0_dw08_cw08_truncatedshiftandadd.vhd;171;0;10.466ns;0.001744186046512;11
lp3x0_dw08_cw09_shiftandadd.vhd;63;0;7.201ns;0;5
lp3x0_dw08_cw09_truncatedplain.vhd;133;2;9.818ns;0.001744186046512;0
lp3x0_dw08_cw09_truncatedplain0dsp.vhd;250;0;9.710ns;0.001744186046512;0
lp3x0_dw08_cw09_truncatedshiftandadd.vhd;172;0;10.454ns;0.001744186046512;11
lp3x0_dw08_cw10_shiftandadd.vhd;63;0;7.201ns;0;5
lp3x0_dw08_cw10_truncatedplain.vhd;148;2;11.374ns;0;0
lp3x0_dw08_cw10_truncatedplain0dsp.vhd;262;0;10.993ns;0;0
lp3x0_dw08_cw10_truncatedshiftandadd.vhd;188;0;9.956ns;0;12
lp3x0_dw12_cw00_fixiir.vhd;348;0;10.905ns;4.9960036108132E-16;0
lp3x0_dw12_cw04_shiftandadd.vhd;78;0;7.497ns;0;5
lp3x0_dw12_cw04_truncatedplain.vhd;136;0;8.985ns;0.026368930952694;0
lp3x0_dw12_cw04_truncatedplain0dsp.vhd;136;0;8.985ns;0.026368930952694;0
lp3x0_dw12_cw04_truncatedshiftandadd.vhd;114;0;8.410ns;0.026368930952694;7
lp3x0_dw12_cw05_shiftandadd.vhd;78;0;7.497ns;0;5
lp3x0_dw12_cw05_truncatedplain.vhd;149;0;8.886ns;0.036363636363636;0
lp3x0_dw12_cw05_truncatedplain0dsp.vhd;149;0;8.886ns;0.036363636363636;0
lp3x0_dw12_cw05_truncatedshiftandadd.vhd;135;0;9.498ns;0.036363636363636;8
lp3x0_dw12_cw06_shiftandadd.vhd;76;0;7.665ns;0;5
lp3x0_dw12_cw06_truncatedplain.vhd;110;3;11.057ns;0.007558612425866;0
lp3x0_dw12_cw06_truncatedplain0dsp.vhd;183;0;9.902ns;0.007558612425866;0
lp3x0_dw12_cw06_truncatedshiftandadd.vhd;156;0;9.306ns;0.007558612425866;9
lp3x0_dw12_cw07_shiftandadd.vhd;79;0;7.492ns;0;5
lp3x0_dw12_cw07_truncatedplain.vhd;81;4;11.540ns;0.007558612425866;0
lp3x0_dw12_cw07_truncatedplain0dsp.vhd;198;0;9.592ns;0.007558612425866;0
lp3x0_dw12_cw07_truncatedshiftandadd.vhd;155;0;9.461ns;0.007558612425866;9
lp3x0_dw12_cw08_shiftandadd.vhd;75;0;7.604ns;0;5
lp3x0_dw12_cw08_truncatedplain.vhd;85;4;11.433ns;0.001744186046512;0
lp3x0_dw12_cw08_truncatedplain0dsp.vhd;259;0;10.198ns;0.001744186046512;0
lp3x0_dw12_cw08_truncatedshiftandadd.vhd;214;0;10.808ns;0.001744186046512;11
lp3x0_dw12_cw09_shiftandadd.vhd;78;0;7.318ns;0;5
lp3x0_dw12_cw09_truncatedplain.vhd;89;4;11.237ns;0.001744186046512;0
lp3x0_dw12_cw09_truncatedplain0dsp.vhd;331;0;10.493ns;0.001744186046512;0
lp3x0_dw12_cw09_truncatedshiftandadd.vhd;215;0;11.043ns;0.001744186046512;11
lp3x0_dw12_cw10_shiftandadd.vhd;78;0;7.329ns;0;5
lp3x0_dw12_cw10_truncatedplain.vhd;93;4;11.608ns;0;0
lp3x0_dw12_cw10_truncatedplain0dsp.vhd;332;0;11.857ns;0;0
lp3x0_dw12_cw10_truncatedshiftandadd.vhd;231;0;10.660ns;0;12
lp3x0_dw16_cw00_fixiir.vhd;487;0;11.187ns;4.9960036108132E-16;0
lp3x0_dw16_cw04_shiftandadd.vhd;98;0;7.452ns;0;5
lp3x0_dw16_cw04_truncatedplain.vhd;168;0;9.247ns;0.026368930952694;0
lp3x0_dw16_cw04_truncatedplain0dsp.vhd;168;0;9.247ns;0.026368930952694;0
lp3x0_dw16_cw04_truncatedshiftandadd.vhd;142;0;8.465ns;0.026368930952694;7
lp3x0_dw16_cw05_shiftandadd.vhd;98;0;7.452ns;0;5
lp3x0_dw16_cw05_truncatedplain.vhd;185;0;9.880ns;0.036363636363636;0
lp3x0_dw16_cw05_truncatedplain0dsp.vhd;185;0;9.880ns;0.036363636363636;0
lp3x0_dw16_cw05_truncatedshiftandadd.vhd;167;0;9.525ns;0.036363636363636;8
lp3x0_dw16_cw06_shiftandadd.vhd;96;0;7.446ns;0;5
lp3x0_dw16_cw06_truncatedplain.vhd;134;3;11.456ns;0.007558612425866;0
lp3x0_dw16_cw06_truncatedplain0dsp.vhd;227;0;10.126ns;0.007558612425866;0
lp3x0_dw16_cw06_truncatedshiftandadd.vhd;192;0;9.841ns;0.007558612425866;9
lp3x0_dw16_cw07_shiftandadd.vhd;99;0;7.576ns;0;5
lp3x0_dw16_cw07_truncatedplain.vhd;97;4;11.391ns;0.007558612425866;0
lp3x0_dw16_cw07_truncatedplain0dsp.vhd;246;0;10.089ns;0.007558612425866;0
lp3x0_dw16_cw07_truncatedshiftandadd.vhd;191;0;9.619ns;0.007558612425866;9
lp3x0_dw16_cw08_shiftandadd.vhd;95;0;7.340ns;0;5
lp3x0_dw16_cw08_truncatedplain.vhd;101;4;11.675ns;0.001744186046512;0
lp3x0_dw16_cw08_truncatedplain0dsp.vhd;315;0;10.580ns;0.001744186046512;0
lp3x0_dw16_cw08_truncatedshiftandadd.vhd;262;0;10.719ns;0.001744186046512;11
lp3x0_dw16_cw09_shiftandadd.vhd;98;0;7.406ns;0;5
lp3x0_dw16_cw09_truncatedplain.vhd;105;4;11.425ns;0.001744186046512;0
lp3x0_dw16_cw09_truncatedplain0dsp.vhd;412;0;11.850ns;0.001744186046512;0
lp3x0_dw16_cw09_truncatedshiftandadd.vhd;263;0;11.158ns;0.001744186046512;11
lp3x0_dw16_cw10_shiftandadd.vhd;98;0;7.407ns;0;5
lp3x0_dw16_cw10_truncatedplain.vhd;109;4;11.853ns;0;0
lp3x0_dw16_cw10_truncatedplain0dsp.vhd;412;0;11.922ns;0;0
lp3x0_dw16_cw10_truncatedshiftandadd.vhd;279;0;10.363ns;0;12
lp3x1_dw08_cw00_fixiir.vhd;207;0;10.209ns;4.9960036108132E-16;0
lp3x1_dw08_cw04_shiftandadd.vhd;75;0;7.132ns;0;6
lp3x1_dw08_cw04_truncatedplain.vhd;73;0;7.243ns;0;0
lp3x1_dw08_cw04_truncatedplain0dsp.vhd;73;0;7.243ns;0;0
lp3x1_dw08_cw04_truncatedshiftandadd.vhd;75;0;7.254ns;0;6
lp3x1_dw08_cw05_shiftandadd.vhd;74;0;7.147ns;0;6
lp3x1_dw08_cw05_truncatedplain.vhd;75;0;7.236ns;0.016666666666667;0
lp3x1_dw08_cw05_truncatedplain0dsp.vhd;75;0;7.236ns;0.016666666666667;0
lp3x1_dw08_cw05_truncatedshiftandadd.vhd;75;0;7.551ns;0.016666666666667;6
lp3x1_dw08_cw06_shiftandadd.vhd;74;0;7.147ns;0;6
lp3x1_dw08_cw06_truncatedplain.vhd;121;1;9.492ns;0;0
lp3x1_dw08_cw06_truncatedplain0dsp.vhd;145;0;9.093ns;0;0
lp3x1_dw08_cw06_truncatedshiftandadd.vhd;112;0;8.320ns;0;8
lp3x1_dw08_cw07_shiftandadd.vhd;74;0;8.108ns;0;6
lp3x1_dw08_cw07_truncatedplain.vhd;117;2;9.944ns;0.003305785123967;0
lp3x1_dw08_cw07_truncatedplain0dsp.vhd;144;0;9.563ns;0.003305785123967;0
lp3x1_dw08_cw07_truncatedshiftandadd.vhd;126;0;9.045ns;0.003305785123967;9
lp3x1_dw08_cw08_shiftandadd.vhd;75;0;7.132ns;0;6
lp3x1_dw08_cw08_truncatedplain.vhd;124;2;9.683ns;0.006923344965183;0
lp3x1_dw08_cw08_truncatedplain0dsp.vhd;162;0;9.445ns;0.006923344965183;0
lp3x1_dw08_cw08_truncatedshiftandadd.vhd;131;0;9.371ns;0.006923344965183;9
lp3x1_dw08_cw09_shiftandadd.vhd;73;0;7.090ns;0;6
lp3x1_dw08_cw09_truncatedplain.vhd;138;2;10.356ns;0.000616016427105;0
lp3x1_dw08_cw09_truncatedplain0dsp.vhd;227;0;10.748ns;0.000616016427105;0
lp3x1_dw08_cw09_truncatedshiftandadd.vhd;145;0;9.268ns;0.000616016427105;10
lp3x1_dw08_cw10_shiftandadd.vhd;73;0;7.560ns;0;6
lp3x1_dw08_cw10_truncatedplain.vhd;150;2;10.503ns;0.000616016427105;0
lp3x1_dw08_cw10_truncatedplain0dsp.vhd;249;0;10.642ns;0.000616016427105;0
lp3x1_dw08_cw10_truncatedshiftandadd.vhd;145;0;8.969ns;0.000616016427105;10
lp3x1_dw12_cw00_fixiir.vhd;344;0;10.687ns;4.9960036108132E-16;0
lp3x1_dw12_cw04_shiftandadd.vhd;94;0;7.219ns;0;6
lp3x1_dw12_cw04_truncatedplain.vhd;92;0;7.377ns;0;0
lp3x1_dw12_cw04_truncatedplain0dsp.vhd;92;0;7.377ns;0;0
lp3x1_dw12_cw04_truncatedshiftandadd.vhd;94;0;7.437ns;0;6
lp3x1_dw12_cw05_shiftandadd.vhd;93;0;7.646ns;0;6
lp3x1_dw12_cw05_truncatedplain.vhd;94;0;7.556ns;0.016666666666667;0
lp3x1_dw12_cw05_truncatedplain0dsp.vhd;94;0;7.556ns;0.016666666666667;0
lp3x1_dw12_cw05_truncatedshiftandadd.vhd;94;0;7.505ns;0.016666666666667;6
lp3x1_dw12_cw06_shiftandadd.vhd;93;0;7.646ns;0;6
lp3x1_dw12_cw06_truncatedplain.vhd;121;2;9.489ns;0;0
lp3x1_dw12_cw06_truncatedplain0dsp.vhd;189;0;9.393ns;0;0
lp3x1_dw12_cw06_truncatedshiftandadd.vhd;139;0;8.708ns;0;8
lp3x1_dw12_cw07_shiftandadd.vhd;94;0;8.290ns;0;6
lp3x1_dw12_cw07_truncatedplain.vhd;80;4;11.308ns;0.003305785123967;0
lp3x1_dw12_cw07_truncatedplain0dsp.vhd;185;0;9.764ns;0.003305785123967;0
lp3x1_dw12_cw07_truncatedshiftandadd.vhd;157;0;9.081ns;0.003305785123967;9
lp3x1_dw12_cw08_shiftandadd.vhd;94;0;7.220ns;0;6
lp3x1_dw12_cw08_truncatedplain.vhd;84;4;11.358ns;0.006923344965183;0
lp3x1_dw12_cw08_truncatedplain0dsp.vhd;193;0;9.904ns;0.006923344965183;0
lp3x1_dw12_cw08_truncatedshiftandadd.vhd;162;0;9.291ns;0.006923344965183;9
lp3x1_dw12_cw09_shiftandadd.vhd;92;0;7.718ns;0;6
lp3x1_dw12_cw09_truncatedplain.vhd;88;4;11.727ns;0.000616016427105;0
lp3x1_dw12_cw09_truncatedplain0dsp.vhd;299;0;10.817ns;0.000616016427105;0
lp3x1_dw12_cw09_truncatedshiftandadd.vhd;180;0;10.209ns;0.000616016427105;10
lp3x1_dw12_cw10_shiftandadd.vhd;92;0;7.463ns;0;6
lp3x1_dw12_cw10_truncatedplain.vhd;92;4;11.355ns;0.000616016427105;0
lp3x1_dw12_cw10_truncatedplain0dsp.vhd;320;0;10.821ns;0.000616016427105;0
lp3x1_dw12_cw10_truncatedshiftandadd.vhd;180;0;9.685ns;0.000616016427105;10
lp3x1_dw16_cw00_fixiir.vhd;477;0;10.523ns;4.9960036108132E-16;0
lp3x1_dw16_cw04_shiftandadd.vhd;118;0;7.637ns;0;6
lp3x1_dw16_cw04_truncatedplain.vhd;116;0;7.535ns;0;0
lp3x1_dw16_cw04_truncatedplain0dsp.vhd;116;0;7.535ns;0;0
lp3x1_dw16_cw04_truncatedshiftandadd.vhd;118;0;7.673ns;0;6
lp3x1_dw16_cw05_shiftandadd.vhd;117;0;7.640ns;0;6
lp3x1_dw16_cw05_truncatedplain.vhd;118;0;7.554ns;0.016666666666667;0
lp3x1_dw16_cw05_truncatedplain0dsp.vhd;118;0;7.554ns;0.016666666666667;0
lp3x1_dw16_cw05_truncatedshiftandadd.vhd;118;0;7.611ns;0.016666666666667;6
lp3x1_dw16_cw06_shiftandadd.vhd;117;0;7.640ns;0;6
lp3x1_dw16_cw06_truncatedplain.vhd;149;2;9.668ns;0;0
lp3x1_dw16_cw06_truncatedplain0dsp.vhd;237;0;9.740ns;0;0
lp3x1_dw16_cw06_truncatedshiftandadd.vhd;171;0;8.453ns;0;8
lp3x1_dw16_cw07_shiftandadd.vhd;118;0;8.798ns;0;6
lp3x1_dw16_cw07_truncatedplain.vhd;96;4;11.850ns;0.003305785123967;0
lp3x1_dw16_cw07_truncatedplain0dsp.vhd;229;0;9.723ns;0.003305785123967;0
lp3x1_dw16_cw07_truncatedshiftandadd.vhd;193;0;9.390ns;0.003305785123967;9
lp3x1_dw16_cw08_shiftandadd.vhd;118;0;7.637ns;0;6
lp3x1_dw16_cw08_truncatedplain.vhd;100;4;11.854ns;0.006923344965183;0
lp3x1_dw16_cw08_truncatedplain0dsp.vhd;237;0;10.127ns;0.006923344965183;0
lp3x1_dw16_cw08_truncatedshiftandadd.vhd;198;0;9.589ns;0.006923344965183;9
lp3x1_dw16_cw09_shiftandadd.vhd;116;0;7.596ns;0;6
lp3x1_dw16_cw09_truncatedplain.vhd;104;4;11.766ns;0.000616016427105;0
lp3x1_dw16_cw09_truncatedplain0dsp.vhd;371;0;10.573ns;0.000616016427105;0
lp3x1_dw16_cw09_truncatedshiftandadd.vhd;220;0;9.829ns;0.000616016427105;10
lp3x1_dw16_cw10_shiftandadd.vhd;116;0;7.565ns;0;6
lp3x1_dw16_cw10_truncatedplain.vhd;108;4;11.528ns;0.000616016427105;0
lp3x1_dw16_cw10_truncatedplain0dsp.vhd;398;0;10.951ns;0.000616016427105;0
lp3x1_dw16_cw10_truncatedshiftandadd.vhd;220;0;9.678ns;0.000616016427105;10
lp3x2_dw08_cw00_fixiir.vhd;196;0;9.846ns;5.13478148889135E-16;0
lp3x2_dw08_cw04_shiftandadd.vhd;85;0;8.268ns;0;7
lp3x2_dw08_cw04_truncatedplain.vhd;87;0;6.928ns;0.076470588235294;0
lp3x2_dw08_cw04_truncatedplain0dsp.vhd;87;0;6.928ns;0.076470588235294;0
lp3x2_dw08_cw04_truncatedshiftandadd.vhd;86;0;7.194ns;0.076470588235294;7
lp3x2_dw08_cw05_shiftandadd.vhd;88;0;9.416ns;0;7
lp3x2_dw08_cw05_truncatedplain.vhd;111;0;8.305ns;0.032339308876241;0
lp3x2_dw08_cw05_truncatedplain0dsp.vhd;111;0;8.305ns;0.032339308876241;0
lp3x2_dw08_cw05_truncatedshiftandadd.vhd;101;0;8.401ns;0.032339308876241;8
lp3x2_dw08_cw06_shiftandadd.vhd;88;0;9.416ns;0;7
lp3x2_dw08_cw06_truncatedplain.vhd;97;2;8.868ns;0.002803738317757;0
lp3x2_dw08_cw06_truncatedplain0dsp.vhd;137;0;8.158ns;0.002803738317757;0
lp3x2_dw08_cw06_truncatedshiftandadd.vhd;120;0;8.512ns;0.002803738317757;9
lp3x2_dw08_cw07_shiftandadd.vhd;91;0;9.200ns;0;7
lp3x2_dw08_cw07_truncatedplain.vhd;93;2;9.067ns;0.003286384976526;0
lp3x2_dw08_cw07_truncatedplain0dsp.vhd;136;0;8.276ns;0.003286384976526;0
lp3x2_dw08_cw07_truncatedshiftandadd.vhd;120;0;8.183ns;0.003286384976526;9
lp3x2_dw08_cw08_shiftandadd.vhd;89;0;8.344ns;0;7
lp3x2_dw08_cw08_truncatedplain.vhd;112;2;9.751ns;0.000371747211896;0
lp3x2_dw08_cw08_truncatedplain0dsp.vhd;187;0;9.392ns;0.000371747211896;0
lp3x2_dw08_cw08_truncatedshiftandadd.vhd;165;0;8.872ns;0.000371747211896;11
lp3x2_dw08_cw09_shiftandadd.vhd;87;0;9.325ns;0;7
lp3x2_dw08_cw09_truncatedplain.vhd;137;2;10.376ns;0.001245926875849;0
lp3x2_dw08_cw09_truncatedplain0dsp.vhd;231;0;10.307ns;0.001245926875849;0
lp3x2_dw08_cw09_truncatedshiftandadd.vhd;171;0;9.715ns;0.001245926875849;11
lp3x2_dw08_cw10_shiftandadd.vhd;106;0;9.357ns;0;7
lp3x2_dw08_cw10_truncatedplain.vhd;144;2;10.671ns;0.00046511627907;0
lp3x2_dw08_cw10_truncatedplain0dsp.vhd;203;0;9.519ns;0.00046511627907;0
lp3x2_dw08_cw10_truncatedshiftandadd.vhd;185;0;9.517ns;0.00046511627907;12
lp3x2_dw08_cw23_truncatedplain.vhd;132;4;11.204ns;0;0
lp3x2_dw08_cw23_truncatedplain0dsp.vhd;491;0;12.765ns;0;0
lp3x2_dw08_cw23_truncatedshiftandadd.vhd;391;0;11.290ns;0;22
lp3x2_dw12_cw00_fixiir.vhd;291;0;9.746ns;5.13478148889135E-16;0
lp3x2_dw12_cw04_shiftandadd.vhd;108;0;8.667ns;0;7
lp3x2_dw12_cw04_truncatedplain.vhd;113;0;7.460ns;0.076470588235294;0
lp3x2_dw12_cw04_truncatedplain0dsp.vhd;113;0;7.460ns;0.076470588235294;0
lp3x2_dw12_cw04_truncatedshiftandadd.vhd;109;0;7.618ns;0.076470588235294;7
lp3x2_dw12_cw05_shiftandadd.vhd;111;0;8.994ns;0;7
lp3x2_dw12_cw05_truncatedplain.vhd;147;0;8.406ns;0.032339308876241;0
lp3x2_dw12_cw05_truncatedplain0dsp.vhd;147;0;8.406ns;0.032339308876241;0
lp3x2_dw12_cw05_truncatedshiftandadd.vhd;128;0;8.318ns;0.032339308876241;8
lp3x2_dw12_cw06_shiftandadd.vhd;111;0;8.994ns;0;7
lp3x2_dw12_cw06_truncatedplain.vhd;75;4;11.193ns;0.002803738317757;0
lp3x2_dw12_cw06_truncatedplain0dsp.vhd;187;0;9.328ns;0.002803738317757;0
lp3x2_dw12_cw06_truncatedshiftandadd.vhd;151;0;8.664ns;0.002803738317757;9
lp3x2_dw12_cw07_shiftandadd.vhd;114;0;9.399ns;0;7
lp3x2_dw12_cw07_truncatedplain.vhd;79;4;11.230ns;0.003286384976526;0
lp3x2_dw12_cw07_truncatedplain0dsp.vhd;197;0;9.545ns;0.003286384976526;0
lp3x2_dw12_cw07_truncatedshiftandadd.vhd;151;0;8.522ns;0.003286384976526;9
lp3x2_dw12_cw08_shiftandadd.vhd;112;0;8.249ns;0;7
lp3x2_dw12_cw08_truncatedplain.vhd;83;4;11.283ns;0.000371747211896;0
lp3x2_dw12_cw08_truncatedplain0dsp.vhd;219;0;10.176ns;0.000371747211896;0
lp3x2_dw12_cw08_truncatedshiftandadd.vhd;204;0;9.988ns;0.000371747211896;11
lp3x2_dw12_cw09_shiftandadd.vhd;110;0;9.368ns;0;7
lp3x2_dw12_cw09_truncatedplain.vhd;87;4;11.328ns;0.001245926875849;0
lp3x2_dw12_cw09_truncatedplain0dsp.vhd;336;0;10.461ns;0.001245926875849;0
lp3x2_dw12_cw09_truncatedshiftandadd.vhd;210;0;9.960ns;0.001245926875849;11
lp3x2_dw12_cw10_shiftandadd.vhd;129;0;9.860ns;0;7
lp3x2_dw12_cw10_truncatedplain.vhd;91;4;11.208ns;0.00046511627907;0
lp3x2_dw12_cw10_truncatedplain0dsp.vhd;260;0;11.084ns;0.00046511627907;0
lp3x2_dw12_cw10_truncatedshiftandadd.vhd;232;0;9.859ns;0.00046511627907;12
lp3x2_dw12_cw23_truncatedplain.vhd;143;4;11.166ns;0;0
lp3x2_dw12_cw23_truncatedplain0dsp.vhd;663;0;13.637ns;0;0
lp3x2_dw12_cw23_truncatedshiftandadd.vhd;493;0;12.187ns;0;22
lp3x2_dw16_cw00_fixiir.vhd;450;0;10.859ns;5.13478148889135E-16;0
lp3x2_dw16_cw04_shiftandadd.vhd;136;0;8.654ns;0;7
lp3x2_dw16_cw04_truncatedplain.vhd;141;0;7.880ns;0.076470588235294;0
lp3x2_dw16_cw04_truncatedplain0dsp.vhd;141;0;7.880ns;0.076470588235294;0
lp3x2_dw16_cw04_truncatedshiftandadd.vhd;137;0;7.643ns;0.076470588235294;7
lp3x2_dw16_cw05_shiftandadd.vhd;139;0;9.264ns;0;7
lp3x2_dw16_cw05_truncatedplain.vhd;183;0;8.793ns;0.032339308876241;0
lp3x2_dw16_cw05_truncatedplain0dsp.vhd;183;0;8.793ns;0.032339308876241;0
lp3x2_dw16_cw05_truncatedshiftandadd.vhd;160;0;8.890ns;0.032339308876241;8
lp3x2_dw16_cw06_shiftandadd.vhd;139;0;9.264ns;0;7
lp3x2_dw16_cw06_truncatedplain.vhd;91;4;12.069ns;0.002803738317757;0
lp3x2_dw16_cw06_truncatedplain0dsp.vhd;235;0;9.765ns;0.002803738317757;0
lp3x2_dw16_cw06_truncatedshiftandadd.vhd;187;0;8.380ns;0.002803738317757;9
lp3x2_dw16_cw07_shiftandadd.vhd;142;0;9.327ns;0;7
lp3x2_dw16_cw07_truncatedplain.vhd;95;4;11.652ns;0.003286384976526;0
lp3x2_dw16_cw07_truncatedplain0dsp.vhd;240;0;9.999ns;0.003286384976526;0
lp3x2_dw16_cw07_truncatedshiftandadd.vhd;187;0;8.822ns;0.003286384976526;9
lp3x2_dw16_cw08_shiftandadd.vhd;140;0;8.708ns;0;7
lp3x2_dw16_cw08_truncatedplain.vhd;99;4;11.698ns;0.000371747211896;0
lp3x2_dw16_cw08_truncatedplain0dsp.vhd;267;0;10.025ns;0.000371747211896;0
lp3x2_dw16_cw08_truncatedshiftandadd.vhd;248;0;9.720ns;0.000371747211896;11
lp3x2_dw16_cw09_shiftandadd.vhd;138;0;9.404ns;0;7
lp3x2_dw16_cw09_truncatedplain.vhd;103;4;11.404ns;0.001245926875849;0
lp3x2_dw16_cw09_truncatedplain0dsp.vhd;424;0;10.812ns;0.001245926875849;0
lp3x2_dw16_cw09_truncatedshiftandadd.vhd;254;0;10.066ns;0.001245926875849;11
lp3x2_dw16_cw10_shiftandadd.vhd;157;0;9.707ns;0;7
lp3x2_dw16_cw10_truncatedplain.vhd;107;4;11.433ns;0.00046511627907;0
lp3x2_dw16_cw10_truncatedplain0dsp.vhd;312;0;11.288ns;0.00046511627907;0
lp3x2_dw16_cw10_truncatedshiftandadd.vhd;284;0;9.963ns;0.00046511627907;12
lp3x2_dw16_cw23_truncatedplain.vhd;158;4;11.665ns;0;0
lp3x2_dw16_cw23_truncatedplain0dsp.vhd;843;0;15.348ns;0;0
lp3x2_dw16_cw23_truncatedshiftandadd.vhd;585;0;12.330ns;0;22
lp3x3_dw08_cw05_shiftandadd.vhd;90;0;8.168ns;0;7
lp3x3_dw08_cw06_shiftandadd.vhd;91;0;8.138ns;0;7
lp3x3_dw08_cw07_shiftandadd.vhd;92;0;8.160ns;0;7
lp3x3_dw08_cw08_shiftandadd.vhd;90;0;7.741ns;0;7
lp3x3_dw08_cw09_shiftandadd.vhd;91;0;8.111ns;0;7
lp3x3_dw08_cw10_shiftandadd.vhd;90;0;8.020ns;0;7
lp3x3_dw12_cw05_shiftandadd.vhd;113;0;8.421ns;0;7
lp3x3_dw12_cw06_shiftandadd.vhd;114;0;8.306ns;0;7
lp3x3_dw12_cw07_shiftandadd.vhd;115;0;8.012ns;0;7
lp3x3_dw12_cw08_shiftandadd.vhd;113;0;8.284ns;0;7
lp3x3_dw12_cw09_shiftandadd.vhd;114;0;8.385ns;0;7
lp3x3_dw12_cw10_shiftandadd.vhd;113;0;8.385ns;0;7
lp3x3_dw16_cw05_shiftandadd.vhd;141;0;8.415ns;0;7
lp3x3_dw16_cw06_shiftandadd.vhd;142;0;8.468ns;0;7
lp3x3_dw16_cw07_shiftandadd.vhd;143;0;8.467ns;0;7
lp3x3_dw16_cw08_shiftandadd.vhd;141;0;8.595ns;0;7
lp3x3_dw16_cw09_shiftandadd.vhd;142;0;8.582ns;0;7
lp3x3_dw16_cw10_shiftandadd.vhd;141;0;9.018ns;0;7
lp4_dw08_cw00_fixiir.vhd;182;0;9.746ns;5.27355936696949E-16;0
lp4_dw08_cw04_shiftandadd.vhd;65;0;6.997ns;0;5
lp4_dw08_cw04_truncatedplain.vhd;88;0;8.233ns;0;0
lp4_dw08_cw04_truncatedplain0dsp.vhd;88;0;8.233ns;0;0
lp4_dw08_cw04_truncatedshiftandadd.vhd;87;0;8.358ns;0;7
lp4_dw08_cw05_shiftandadd.vhd;48;0;7.177ns;0;4
lp4_dw08_cw05_truncatedplain.vhd;101;0;8.899ns;0.002564102564103;0
lp4_dw08_cw05_truncatedplain0dsp.vhd;101;0;8.899ns;0.002564102564103;0
lp4_dw08_cw05_truncatedshiftandadd.vhd;108;0;8.000ns;0.002564102564103;8
lp4_dw08_cw06_shiftandadd.vhd;48;0;7.177ns;0;4
lp4_dw08_cw06_truncatedplain.vhd;93;1;8.210ns;0.028205128205128;0
lp4_dw08_cw06_truncatedplain0dsp.vhd;115;0;8.309ns;0.028205128205128;0
lp4_dw08_cw06_truncatedshiftandadd.vhd;102;0;8.210ns;0.028205128205128;8
lp4_dw08_cw07_shiftandadd.vhd;48;0;7.177ns;0;4
lp4_dw08_cw07_truncatedplain.vhd;121;1;9.333ns;0.009327431682802;0
lp4_dw08_cw07_truncatedplain0dsp.vhd;138;0;9.185ns;0.009327431682802;0
lp4_dw08_cw07_truncatedshiftandadd.vhd;122;0;10.131ns;0.009327431682802;9
lp4_dw08_cw08_shiftandadd.vhd;47;0;7.336ns;0;4
lp4_dw08_cw08_truncatedplain.vhd;129;2;9.339ns;0.001063829787234;0
lp4_dw08_cw08_truncatedplain0dsp.vhd;181;0;9.631ns;0.001063829787234;0
lp4_dw08_cw08_truncatedshiftandadd.vhd;154;0;9.326ns;0.001063829787234;10
lp4_dw08_cw09_shiftandadd.vhd;47;0;7.226ns;0;4
lp4_dw08_cw09_truncatedplain.vhd;130;2;10.413ns;0.002529960053262;0
lp4_dw08_cw09_truncatedplain0dsp.vhd;192;0;9.601ns;0.002529960053262;0
lp4_dw08_cw09_truncatedshiftandadd.vhd;163;0;9.530ns;0.002529960053262;11
lp4_dw08_cw10_shiftandadd.vhd;47;0;7.226ns;0;4
lp4_dw08_cw10_truncatedplain.vhd;143;2;10.170ns;0.000478468899522;0
lp4_dw08_cw10_truncatedplain0dsp.vhd;212;0;9.594ns;0.000478468899522;0
lp4_dw08_cw10_truncatedshiftandadd.vhd;199;0;10.346ns;0.000478468899522;12
lp4_dw12_cw00_fixiir.vhd;291;0;9.706ns;5.27355936696949E-16;0
lp4_dw12_cw04_shiftandadd.vhd;80;0;7.339ns;0;5
lp4_dw12_cw04_truncatedplain.vhd;124;0;8.455ns;0;0
lp4_dw12_cw04_truncatedplain0dsp.vhd;124;0;8.455ns;0;0
lp4_dw12_cw04_truncatedshiftandadd.vhd;110;0;8.507ns;0;7
lp4_dw12_cw05_shiftandadd.vhd;59;0;7.407ns;0;4
lp4_dw12_cw05_truncatedplain.vhd;140;0;8.869ns;0.002564102564103;0
lp4_dw12_cw05_truncatedplain0dsp.vhd;140;0;8.869ns;0.002564102564103;0
lp4_dw12_cw05_truncatedshiftandadd.vhd;139;0;8.640ns;0.002564102564103;8
lp4_dw12_cw06_shiftandadd.vhd;59;0;7.407ns;0;4
lp4_dw12_cw06_truncatedplain.vhd;99;2;9.070ns;0.028205128205128;0
lp4_dw12_cw06_truncatedplain0dsp.vhd;167;0;8.928ns;0.028205128205128;0
lp4_dw12_cw06_truncatedshiftandadd.vhd;129;0;8.501ns;0.028205128205128;8
lp4_dw12_cw07_shiftandadd.vhd;59;0;7.407ns;0;4
lp4_dw12_cw07_truncatedplain.vhd;92;3;11.162ns;0.009327431682802;0
lp4_dw12_cw07_truncatedplain0dsp.vhd;196;0;9.868ns;0.009327431682802;0
lp4_dw12_cw07_truncatedshiftandadd.vhd;153;0;10.017ns;0.009327431682802;9
lp4_dw12_cw08_shiftandadd.vhd;58;0;7.489ns;0;4
lp4_dw12_cw08_truncatedplain.vhd;81;4;11.341ns;0.001063829787234;0
lp4_dw12_cw08_truncatedplain0dsp.vhd;228;0;9.658ns;0.001063829787234;0
lp4_dw12_cw08_truncatedshiftandadd.vhd;189;0;9.677ns;0.001063829787234;10
lp4_dw12_cw09_shiftandadd.vhd;58;0;7.527ns;0;4
lp4_dw12_cw09_truncatedplain.vhd;85;4;11.484ns;0.002529960053262;0
lp4_dw12_cw09_truncatedplain0dsp.vhd;268;0;10.991ns;0.002529960053262;0
lp4_dw12_cw09_truncatedshiftandadd.vhd;202;0;9.529ns;0.002529960053262;11
lp4_dw12_cw10_shiftandadd.vhd;58;0;7.527ns;0;4
lp4_dw12_cw10_truncatedplain.vhd;89;4;11.280ns;0.000478468899522;0
lp4_dw12_cw10_truncatedplain0dsp.vhd;295;0;10.663ns;0.000478468899522;0
lp4_dw12_cw10_truncatedshiftandadd.vhd;242;0;10.645ns;0.000478468899522;12
lp4_dw16_cw00_fixiir.vhd;462;0;10.836ns;5.27355936696949E-16;0
lp4_dw16_cw04_shiftandadd.vhd;100;0;7.598ns;0;5
lp4_dw16_cw04_truncatedplain.vhd;156;0;8.354ns;0;0
lp4_dw16_cw04_truncatedplain0dsp.vhd;156;0;8.354ns;0;0
lp4_dw16_cw04_truncatedshiftandadd.vhd;138;0;8.480ns;0;7
lp4_dw16_cw05_shiftandadd.vhd;75;0;7.559ns;0;4
lp4_dw16_cw05_truncatedplain.vhd;176;0;9.313ns;0.002564102564103;0
lp4_dw16_cw05_truncatedplain0dsp.vhd;176;0;9.313ns;0.002564102564103;0
lp4_dw16_cw05_truncatedshiftandadd.vhd;175;0;9.134ns;0.002564102564103;8
lp4_dw16_cw06_shiftandadd.vhd;75;0;7.559ns;0;4
lp4_dw16_cw06_truncatedplain.vhd;123;2;9.593ns;0.028205128205128;0
lp4_dw16_cw06_truncatedplain0dsp.vhd;211;0;8.871ns;0.028205128205128;0
lp4_dw16_cw06_truncatedshiftandadd.vhd;161;0;8.886ns;0.028205128205128;8
lp4_dw16_cw07_shiftandadd.vhd;75;0;7.559ns;0;4
lp4_dw16_cw07_truncatedplain.vhd;112;3;11.256ns;0.009327431682802;0
lp4_dw16_cw07_truncatedplain0dsp.vhd;244;0;9.911ns;0.009327431682802;0
lp4_dw16_cw07_truncatedshiftandadd.vhd;189;0;10.423ns;0.009327431682802;9
lp4_dw16_cw08_shiftandadd.vhd;74;0;7.552ns;0;4
lp4_dw16_cw08_truncatedplain.vhd;97;4;11.609ns;0.001063829787234;0
lp4_dw16_cw08_truncatedplain0dsp.vhd;282;0;10.638ns;0.001063829787234;0
lp4_dw16_cw08_truncatedshiftandadd.vhd;229;0;9.635ns;0.001063829787234;10
lp4_dw16_cw09_shiftandadd.vhd;74;0;7.442ns;0;4
lp4_dw16_cw09_truncatedplain.vhd;101;4;11.741ns;0.002529960053262;0
lp4_dw16_cw09_truncatedplain0dsp.vhd;333;0;11.005ns;0.002529960053262;0
lp4_dw16_cw09_truncatedshiftandadd.vhd;246;0;9.986ns;0.002529960053262;11
lp4_dw16_cw10_shiftandadd.vhd;74;0;7.442ns;0;4
lp4_dw16_cw10_truncatedplain.vhd;105;4;11.454ns;0.000478468899522;0
lp4_dw16_cw10_truncatedplain0dsp.vhd;369;0;10.646ns;0.000478468899522;0
lp4_dw16_cw10_truncatedshiftandadd.vhd;290;0;11.513ns;0.000478468899522;12
